Voltage_1,Voltage_2,Voltage_3,Voltage_4,Voltage_5,Voltage_6,Voltage_7,Voltage_8,Voltage_9,Voltage_10,Voltage_11,Voltage_12,Voltage_13,Voltage_14,Voltage_15,Voltage_16,Voltage_17,Voltage_18,Voltage_19,Voltage_20,Voltage_21,Voltage_22,Voltage_23,Voltage_24,Voltage_25,Voltage_26,Voltage_27,Voltage_28,Voltage_29,Voltage_30,Voltage_31,Voltage_32,Voltage_33,Voltage_34,Voltage_35,Voltage_36,Voltage_37,Voltage_38,Voltage_39,Voltage_40,Voltage_41,Voltage_42,Voltage_43,Voltage_44,Voltage_45,Voltage_46,Voltage_47,Voltage_48,Voltage_49,Voltage_50,Voltage_51,Voltage_52,Voltage_53,Temperature_1,Temperature_2,Temperature_3,Temperature_4,Temperature_5,Temperature_6,Temperature_7,Temperature_8,Temperature_9,Temperature_10,Temperature_11,Temperature_12,Temperature_13,Temperature_14,Temperature_15,Temperature_16,Temperature_17,Temperature_18,Temperature_19,Temperature_20,Temperature_21,Temperature_22,Temperature_23,Temperature_24,Temperature_25,Temperature_26,Temperature_27,Temperature_28,Temperature_29,Temperature_30,Temperature_31,Temperature_32,Temperature_33,Temperature_34,Temperature_35,Temperature_36,Temperature_37,Temperature_38,Temperature_39,Temperature_40,Temperature_41,Temperature_42,Temperature_43,Temperature_44,Temperature_45,Temperature_46,Temperature_47,Temperature_48,Temperature_49,Temperature_50,Temperature_51,Temperature_52,Temperature_53,Ref_1,Ref_2,Ref_3,Ref_1,Ref_2,Ref_3
1.4509211466647685,1.5050276062451302,1.4997489272616804,1.5002961074002088,1.4903824907727539,1.4914446639828385,1.4878075254149734,1.4903503037057817,1.4516292621381581,1.5041907425038517,1.4982361351139843,1.4960796016268432,1.4891593822278082,1.4894812528975307,1.4872603452764452,1.4885800150223076,1.4533995508216322,1.510274098161608,1.5003604815341531,1.4982683221809565,1.4907365485094488,1.4920884053222836,1.491380289848894,1.4915090381167828,1.4535926732234656,1.4560067032463848,1.4520476940087974,1.4400741050951182,1.440299414563924,1.4403316016308962,1.4395591120235622,1.4956289826892317,1.4969808395020663,1.4913481027819215,1.480179190542549,1.4811448025517167,1.482206975761801,1.4836875808425247,1.513170934189111,1.5094372344203293,1.5065403983928263,1.4948243060149253,1.496047414559871,1.495918666291982,1.496819904167205,1.4465437055565418,1.5074738233350218,1.499716740194708,1.4965302205644548,1.4890950080938636,1.4898031235672533,1.4867775392718614,1.4886443891562522,28.27797779459663,28.591535046964058,28.560944095513577,28.564115108773688,28.50666380970815,28.512819306036604,28.49174139436645,28.506477279516382,28.282081458815597,28.586685261978005,28.55217717650033,28.539679653651657,28.499575662420845,28.501440964338556,28.488570381106342,28.49621811896896,28.292340619363014,28.62193946822277,28.56448816915723,28.5523637066921,28.508715641817634,28.516549909872026,28.51244624565306,28.513192366420142,28.293459800513638,28.30744956489648,28.28450635130862,28.215117119969726,28.216422831312123,28.216609361503895,28.212132636901387,28.53706823096686,28.54490249902125,28.512259715461287,28.447533738916675,28.453129644669808,28.45928514099826,28.467865529819736,28.63872718548218,28.617089683236717,28.600301965977305,28.53240497617258,28.539493123459884,28.5387470026928,28.543969848062396,28.25260968851574,28.605711341538672,28.560757565321808,28.542291076336454,28.4992026020373,28.503306266256267,28.485772428229772,28.496591179352507,27.158796643969275,28.1089814408519,28.402393432508035,1.2577987448312342,1.4217596639879049,1.472389920335263
1.459418532345444,1.5200267794542015,1.5170333822257818,1.526914811786264,1.538598717097193,1.5268182505853474,1.5047057355754077,1.50045704273507,1.4610278856940568,1.5186105485074222,1.5203808371908962,1.5266895023174585,1.5406908764503897,1.5276551143266262,1.5034504399634898,1.4998776755295693,1.475029259826988,1.5354121974669397,1.5405943152494728,1.5530507101677358,1.5621918371878565,1.543104906473309,1.5198658441193402,1.5144584168680013,1.4890950080938636,1.4923459018580616,1.5039976201020182,1.533287851046771,1.5169368210248648,1.4826897817663849,1.4702333868481219,1.5468064191751183,1.5503469965420664,1.568436128180474,1.607833098154515,1.5867505692876875,1.5370215508155525,1.526657315250486,1.5489629526622593,1.5501860612072051,1.5647346154786645,1.590838326793164,1.5742941743694245,1.5362812482751906,1.52614232217893,1.4783767147921025,1.543008345272392,1.543008345272392,1.565281795617193,1.5801522205583751,1.5562372297979892,1.5288138487376273,1.5193186639808118,28.32722176522423,28.678458116329452,28.661110808494726,28.71837557736849,28.786086036981445,28.717815986793177,28.589669745046344,28.565047759732543,28.33654827481279,28.670250787891515,28.68050994843893,28.717069866026094,28.798210499446576,28.72266577177923,28.58239506756727,28.56169021628066,28.417688908233277,28.767619547996095,28.797650908871262,28.869838093086727,28.922812667549756,28.812200263829418,28.677525465370593,28.64618839315303,28.4992026020373,28.518042151406195,28.58556608082738,28.755308555339194,28.660551217919412,28.462083093874828,28.389895909659366,28.83365123588311,28.854169556977944,28.958999524753374,29.187312479481353,29.0651352038712,28.776946057584656,28.71688333583432,28.84614875873178,28.853236906019088,28.93754855269968,29.088824538226145,28.992948019655735,28.772655863173917,28.713898852765983,28.437088048177486,28.811640673254104,28.811640673254104,28.940719565959792,29.026896514558096,28.88830458207208,28.729380858682994,28.674354452110485,27.326300756179837,28.3546417034146,28.55963838417118,1.2867027309723198,1.4641500311903655,1.4995236177928746
1.4744498926214873,1.5442958279512822,1.5405621281825006,1.5562372297979892,1.5732963752932847,1.557235028874129,1.5282988556660713,1.5182886778376996,1.4769926709122956,1.545132691692561,1.5502504353411495,1.561000915709883,1.578349744807929,1.5628999526612462,1.530938195157796,1.5197692829184235,1.4962727240286768,1.5646380542777478,1.576096650119871,1.5941857817582785,1.6061593706719577,1.5829524953849614,1.5494779457338155,1.5395643291063608,1.5232132990844547,1.5247582782991231,1.5426864746026694,1.5775772552005947,1.5595846847631036,1.5178058718331158,1.495918666291982,1.5767082043923437,1.581246580835432,1.606931860279292,1.648260054271668,1.6257934815250337,1.569079869519919,1.550057312939316,1.5784463060088456,1.5813753291033208,1.602554419171065,1.632134333718568,1.6125645969994367,1.5666980265639723,1.5499607517383993,1.4990408117882907,1.5691442436538636,1.5727813822217285,1.6003656986169517,1.6163304838351906,1.5915464422665537,1.557492525409907,1.5407230635173619,28.414331364781393,28.819101880924954,28.797464378679493,28.88830458207208,28.987165583710826,28.894087018016986,28.726396375614655,28.6683854859738,28.42906724993132,28.823951665911004,28.85360996640263,28.91591105045422,29.01645082381891,28.926916331768723,28.741691851339894,28.67696587479528,28.54079883480229,28.936988962124367,29.003393710394924,29.108223678170354,29.17761290950925,29.043124641242194,28.84913324180012,28.791681942734584,28.6969246053148,28.70587805451982,28.809775371336393,29.011974099216403,28.907703722016286,28.665587533097234,28.5387470026928,29.006937784038577,29.03323854107832,29.182089634111758,29.42159440034601,29.291396326489696,28.962730128588795,28.852490785252,29.017010414394225,29.033984661845405,29.15672152803087,29.328142774268628,29.214732417671723,28.948926894397726,28.851931194676688,28.55684043129461,28.96310318897234,28.984181100642488,29.144037474990427,29.236556450108957,29.092928202445115,28.895579259551155,28.79839702963835,27.457991071570323,28.466000227902022,28.66633365386432,1.3094268002547325,1.4833657101728022,1.5179346201010049
1.481209176685661,1.5527610265649856,1.5490595138631762,1.5628677655942738,1.578124435339123,1.5643483706749977,1.5381159110926093,1.5274298048578203,1.4838807032443584,1.5543703799135984,1.5596490588970482,1.5702386039309204,1.5847227840684355,1.5690154953859747,1.539854012709111,1.5292322806082665,1.5015192159451545,1.572202015016228,1.5831456177867949,1.5993678995408118,1.6106977471150459,1.5897439665161073,1.5584259503521025,1.5473535993136465,1.5308416339568793,1.5333844122476876,1.551183860283345,1.581536264438182,1.5653139826841653,1.5267216893844306,1.5064760242588817,1.5863643244840204,1.5904842690564691,1.6163304838351906,1.655791827943176,1.6324240173213185,1.5795728533528746,1.5612905993126334,1.5886174191720783,1.5934454792179167,1.6149464399553835,1.6417904538102448,1.622188530024141,1.5783175577409565,1.5612262251786888,1.5077956940047443,1.580023472290486,1.585559647809714,1.6124036616645754,1.629108749423176,1.6047753267921507,1.5685970635153352,1.5520207240246235,28.453502705053353,28.868159321360785,28.846708349307093,28.92672980157695,29.01514511247651,28.935310190398425,28.78328808410488,28.72136006043683,28.468984710970364,28.877485830949347,28.908076782399828,28.969445215492563,29.053383801789614,28.962357068205257,28.793360714460526,28.73180575117602,28.571203256060997,28.980823557190604,29.044243822392822,29.138255039045518,29.203913666548992,29.082482511705923,28.90098863511252,28.836822249143218,28.74113226076458,28.75586814591451,28.859019341963993,29.03491731280426,28.940906096151565,28.717256396217863,28.599928905593764,29.062896841569945,29.086772706116662,29.236556450108957,29.465242465220477,29.32982154599457,29.023538971106216,28.91758982218016,29.07595395499393,29.103933483759615,29.228535651862792,29.384101831799995,29.270504945011318,29.016264293627138,28.917216761796617,28.607576643456383,29.026150393791013,29.058233586775664,29.213799766712867,29.310608936242133,29.169592111263086,28.95993217571223,28.863869126950046,27.483172647459437,28.484653247079144,28.695432363780633,1.313772054295987,1.4865844168700277,1.5229558025486767
1.4902859295718371,1.5662152205593884,1.562642456125468,1.5734251235611736,1.5812143937684595,1.5723951374180616,1.551312608551234,1.5394677679054438,1.4930540173314513,1.5687579988501965,1.573103252891451,1.581761573906988,1.5861068279482424,1.5756460311822593,1.5535335161723196,1.5429439711384476,1.507377262134105,1.582019070442766,1.590709578525275,1.6018784907646477,1.6032625346444547,1.590838326793164,1.5675992644391954,1.5556256755255162,1.5369249896146358,1.536184687074274,1.5502182482741773,1.5585225115530192,1.5525035300292074,1.5290069711394607,1.5096947309561073,1.5796694145537913,1.5814718903042375,1.594990458432585,1.6013634976930917,1.5945720265619456,1.5706570358015597,1.5522460334934294,1.5915142551995813,1.5925442413426936,1.6080584076233209,1.6117921073921024,1.60191067783162,1.577770377602428,1.5628677655942738,1.5047057355754077,1.5790256732143462,1.5835640496574341,1.5958595092408359,1.5947973360307515,1.5871046270243823,1.5645736801438033,1.5527288394980132,28.506104219132837,28.94612894152116,28.92542409023455,28.987911704477913,29.03305201088655,28.981942738341232,28.859765462731083,28.79112235215927,28.522145815625166,28.960864826671084,28.9860464025602,29.036223024146658,29.061404600035775,29.000782287710127,28.872636045963297,28.811267612870562,28.60515175096336,29.03771526568083,29.08807841745906,29.152804394003674,29.16082519224984,29.088824538226145,28.95414973976732,28.884760508428425,28.776386467009345,28.772096272598603,28.85342343621086,28.901548225687833,28.866667079826616,28.730500039833622,28.618581924770886,29.02409856168153,29.034544252420716,29.112886932964635,29.149819910935335,29.110462040471607,28.971870107985588,28.865174838292447,29.09274167225334,29.09871063839002,29.188618190823753,29.210255693069215,29.152990924195446,29.013093280367027,28.92672980157695,28.589669745046344,29.020367957846105,29.046668714885847,29.117923248142457,29.111767751814007,29.06718703598068,28.936615901740826,28.867972791169016,27.49734894203405,28.420300330918074,28.686851974959154,1.3162182713858783,1.4754798787645995,1.521475197467953
1.486745352204889,1.5582972020842134,1.5567844099365176,1.567406142037362,1.576354146655649,1.5665049041621386,1.5449073822237551,1.5373756085522472,1.4896100011654199,1.5624493337236345,1.5644449318759144,1.571976705547422,1.5840790427289904,1.5725238856859505,1.5479651535861194,1.5404655669815839,1.5045769873075188,1.5790578602813183,1.5863965115509928,1.5981769780628383,1.6069962344132365,1.59106363626197,1.5665049041621386,1.5562372297979892,1.53669968014583,1.5397896385751664,1.5542738187126814,1.578253183607012,1.564541493076831,1.5315819364972412,1.5146515392698348,1.5919970612041652,1.5955698256380857,1.6168776639737188,1.6499015946872533,1.6292696847580372,1.5843043521977962,1.5692086177878082,1.5947007748298347,1.5986597840674222,1.6168132898397745,1.6377670704387128,1.6211907309480011,1.5837571720592678,1.5692086177878082,1.5105637817643582,1.5872011882252992,1.5937029757536947,1.6144636339507996,1.628078763280064,1.606674363743514,1.5766760173253715,1.5622240242548286,28.485585898038003,28.900242514345436,28.89147559533219,28.953030558616696,29.004885951929094,28.947807713247098,28.822645954568607,28.77899788969414,28.50218708510564,28.924304909083922,28.93586978097374,28.979517845848207,29.04965319795419,28.98268885910832,28.840366322786874,28.79690478810418,28.58892362427926,29.020554488037874,29.063083371761717,29.131353421949985,29.1824626944953,29.090130249568546,28.947807713247098,28.88830458207208,28.775080755666945,28.79298765407698,28.876926240374033,29.015891233243593,28.936429371549053,28.74542245517532,28.647307574303653,29.09553962512991,29.11624447641652,29.239727463369064,29.431107440126347,29.31154158720099,29.05095890929659,28.96347624935588,29.111208161238693,29.13415137482655,29.239354402985526,29.360785557828592,29.26472250906641,29.047787896036475,28.96347624935588,28.62361823994871,29.067746626555998,29.105425725293784,29.225737698986222,29.304639970105455,29.18059739257759,29.006751253846808,28.922999197741525,27.50070648548593,28.493979756667706,28.701028269533765,1.3167976385913789,1.4881937702186405,1.5239214145578444
1.5012617194093765,1.58179376097396,1.5786716154776514,1.5948938972316682,1.6124358487315475,1.5974366755224765,1.5676958256401121,1.5550141212530435,1.5048988579772413,1.5843687263317405,1.5908061397261917,1.6030050381086767,1.6213194792158903,1.6044534561224282,1.5704639133997262,1.5572028418071568,1.5261101351119577,1.6053225069306791,1.619291693996638,1.6374773868359624,1.650609710160643,1.6271131512708963,1.5928017378784716,1.5785428672097623,1.5653783568181097,1.5679533221758901,1.5887783545069396,1.6224460265599192,1.604678765591234,1.5626746431924403,1.5391458972357213,1.6195813775993884,1.6244738117791713,1.6533134237863123,1.6958647263236344,1.6720784838311373,1.6144636339507996,1.5931557956151665,1.621416040416807,1.6270165900699793,1.6514143868349493,1.6808977401815355,1.6595255277119576,1.611856481526047,1.5920292482711376,1.5315819364972412,1.6118242944590748,1.6201929318718613,1.6479381836019455,1.6665101212449371,1.6409857771359384,1.6022003614343703,1.5826306247152389,28.569711014526824,29.03640955433843,29.018316125736625,29.11232734238932,29.213986296904636,29.127063227539246,28.954709330342634,28.881216434784772,28.59078892619697,29.051331969680128,29.088638008034373,29.15933295071567,29.265468629833496,29.167726809345375,28.97075092683496,28.893900487825213,28.71371232257421,29.172763124523197,29.253717227751906,29.35910678610265,29.435211104345314,29.299044064352316,29.10020287992419,29.017570004969535,28.941279156535106,28.956201571876804,29.076886605952787,29.27199718654549,29.16903252068777,28.925610620426323,28.78925705024156,29.255395999477848,29.283748588627077,29.450879640454094,29.697472553975654,29.559626742256718,29.225737698986222,29.102254712033677,29.26602822040881,29.298484473777002,29.439874359139594,29.610736014802036,29.48687996746594,29.210628753452756,29.09572615532168,28.74542245517532,29.210442223260983,29.258940073121504,29.4197290984283,29.5273570190803,29.379438577005715,29.15466969592139,29.041259339324483,27.622137640329,28.59657136214188,28.80492558635034,1.3377514191903175,1.5058966570533812,1.5418496108613908
1.5124628187157214,1.5958273221738637,1.5919970612041652,1.6082515300251543,1.631490592379123,1.6181973337195814,1.5834996755234898,1.5680820704437792,1.5146515392698348,1.6004944468848408,1.6046143914572895,1.6168132898397745,1.6401167263276875,1.6253106755204498,1.5871368140913547,1.572073266748339,1.5353800103999675,1.619291693996638,1.6310077863745391,1.6483888025395572,1.6660273152403533,1.6482922413386405,1.6082837170921267,1.5905164561234415,1.5902589595876635,1.588713980372995,1.6100540057756008,1.652251250576228,1.6417582667432726,1.589840527717024,1.5606146709062159,1.6418870150111615,1.6433032459579409,1.6714347424916922,1.7211959480307997,1.7053599110804498,1.639022366050631,1.612983028870076,1.6400201651267707,1.6428848140873016,1.6670573013834655,1.7010468441061675,1.6858223614282906,1.6322952690534294,1.6081871558912098,1.5439739572815596,1.6253106755204498,1.6329390103928745,1.6586242898367345,1.6812517979182302,1.6626154861412943,1.6198388741351664,1.59663199884817,28.63462352126321,29.117736717950685,29.09553962512991,29.189737371974378,29.324412170433202,29.247375201231687,29.04629565450231,28.956947692643887,28.647307574303653,29.144783595757513,29.16865946030423,29.239354402985526,29.37440226182789,29.288598373613127,29.067373566172456,28.98007743642352,28.767433017804322,29.253717227751906,29.321614217556636,29.422340521113096,29.52455906620373,29.421780930537786,29.18992390216615,29.08695923630843,29.085466994774265,29.07651354556924,29.200183062713567,29.444724144125644,29.383915301608226,29.083042102281237,28.913672688152964,29.38466142237531,29.392868750813243,29.555896138421293,29.844271814899606,29.752498960548166,29.36806023530767,29.21715731016475,29.37384267125258,29.390443858320218,29.530528032340406,29.72750391485082,29.639275134143034,29.329075425227483,29.189364311590836,28.817236579007243,29.288598373613127,29.33280602906291,29.481657122096344,29.612787846911516,29.504786865875978,29.25688824101202,29.122399972744965,27.725475366570258,28.682002189973105,28.872262985579752,1.355583054292947,1.5206383337266742,1.553469142038375
1.518320864904672,1.6054834422655404,1.6001082020811737,1.6142705115489662,1.6379280057735741,1.6316837147809564,1.596245754044503,1.5784784930758178,1.521121139731258,1.6106977471150459,1.611985229793936,1.622574774827808,1.6456850889138877,1.6396017332561315,1.6006875692866742,1.5825984376482665,1.541753049660474,1.6287868787534534,1.6359324076212942,1.6511890773661435,1.670758814085275,1.6602336431853473,1.6210941697470844,1.6016209942288697,1.6140773891471327,1.6055800034664571,1.6264694099314512,1.6695035184733569,1.6688597771339118,1.61703859930858,1.582019070442766,1.6592358441092074,1.6535387332551181,1.6790952644310893,1.7278586708940566,1.7260561951436102,1.6577552390284835,1.6275637702085077,1.6539249780587852,1.650867206696421,1.6736234630458058,1.7070336385630072,1.6998559226281942,1.6474553775973617,1.6214482274837791,1.555850984994322,1.637026767898351,1.6408570288680493,1.662325802538544,1.685500490758568,1.67568343533203,1.6334540034644305,1.6088630842976273,28.668572016165577,29.173695775482052,29.14254523345626,29.224618517835598,29.361718208787448,29.32553135158383,29.12016161044371,29.017196944585997,28.68480014284967,29.203913666548992,29.211374874219842,29.272743307312574,29.406671985004316,29.37141777875955,29.14590277690814,29.04107280913271,28.80436599577503,29.308743634324422,29.350153336897634,29.438568647797194,29.5519790043941,29.490983631684905,29.264162918491095,29.151312152469508,29.22349933668497,29.174255366057366,29.295313460516894,29.54470432691502,29.540973723079595,29.240660114327923,29.03771526568083,29.48520119574,29.452185351796494,29.600290324062847,29.882883564596252,29.872437873857063,29.476620806918522,29.301655487037113,29.45442371409775,29.43670334587948,29.568580191461738,29.76219853052027,29.720602297755285,29.41693114555173,29.266214750600582,28.886066219770825,29.356495363417856,29.378692456238632,29.503108094150036,29.63740983222532,29.580518123735096,29.335790512131247,29.193281445618034,27.816688630346388,28.743370623065836,28.917216761796617,1.3713225300423801,1.5312278787605464,1.5612262251786888
1.524372033495456,1.6143992598168553,1.6053225069306791,1.6183904561214149,1.6409857771359384,1.639569546189159,1.6076399757526816,1.5886496062390507,1.5270435600541532,1.6188732621259987,1.6160408002324402,1.6255681720562278,1.6485175508074463,1.645588527712971,1.6106333729811013,1.5922545577399432,1.546033929567784,1.6371877032332123,1.6382820635102688,1.6518971928395332,1.672786599304527,1.6670894884504377,1.6312974699772895,1.6107621212489902,1.633132132794708,1.6186157655902207,1.6370911420322956,1.678837767895311,1.684985497687012,1.6376061351038516,1.6004944468848408,1.6721428579650819,1.66184299653396,1.6854039295576513,1.7321073637343942,1.735229509230703,1.6730119087733328,1.6412754607386888,1.664997329097241,1.6573368071578443,1.6784837101586163,1.7098339133895935,1.7082245600409807,1.6601692690514027,1.6320699595846235,1.5658933498896659,1.6466507009230553,1.6476806870661675,1.667604481521994,1.690779169742018,1.6840842598117889,1.645588527712971,1.6203860542736948,28.703639692218566,29.225364638602684,29.172763124523197,29.24849438238231,29.379438577005715,29.37123124856778,29.186193298330725,29.076140485185704,28.719121698135577,29.25129233525888,29.234877678383015,29.2900906151473,29.423086641880182,29.406112394429,29.203540606165447,29.09703186666408,28.8291745112806,29.35742801437671,29.36377004089693,29.44267231201616,29.563730406475685,29.53071456253218,29.323292989282578,29.204286726932533,29.333925210213536,29.249800093724716,29.356868423801394,29.598798082528674,29.63442534915698,29.359852906869737,29.144783595757513,29.559999802640263,29.500310141273467,29.636850241650006,29.907505549910056,29.925598978511864,29.56503611781808,29.381117348731657,29.518590100067048,29.474195914425497,29.596746250419194,29.778426657204367,29.769100147615806,29.490610571301364,29.327769713885083,28.944263639603445,29.412267890757448,29.41823685689413,29.533699045600518,29.6680007836758,29.629202503787386,29.406112394429,29.26005925427213,27.883279908808717,28.78459379544728,28.94799424343887,1.3828133129514755,1.5383412205614149,1.566537091229111
1.5313888140954077,1.6227678972296418,1.612725532334298,1.6256647332571448,1.6490647309459745,1.6475841258652508,1.617907650116831,1.5995932090096177,1.533577534649521,1.6264372228644788,1.6227035230956972,1.633260881062597,1.656918375287205,1.6544721581973136,1.6213838533498346,1.6027797286398708,1.5537266385741533,1.6463610173203052,1.6460391466505826,1.6608130103908478,1.6818955392576753,1.6766490473411977,1.6409857771359384,1.6223494653590023,1.6471335069276392,1.6297846778295935,1.6487106732092798,1.6915838464163244,1.6986006270162761,1.6531203013844789,1.6153326847590506,1.6853395554237067,1.6726900381036103,1.69679815126583,1.7431797147728503,1.74717091107741,1.686755786370486,1.6556952667422593,1.6757156223990024,1.666477934177965,1.6871098441071808,1.7200050265528262,1.7188141050748527,1.671917548496276,1.6438182390294969,1.5754529087804259,1.657529929559678,1.6567896270193159,1.6764559249393642,1.7002743544988335,1.6949634884484113,1.6584633545018732,1.6319090242497623,28.74430327402469,29.2738624884632,29.215665068630578,29.290650205722613,29.42625765514029,29.417677266318815,29.245696429505745,29.139560750387922,28.756987327065133,29.295126930325118,29.273489428079657,29.33467133098062,29.47177102193247,29.457594727357858,29.265841690217037,29.15802723937327,28.873755227113925,29.41058911903151,29.408723817113795,29.49434117513679,29.61651845074694,29.586114029488233,29.379438577005715,29.271437595970177,29.415065843634018,29.31452607026933,29.42420582303081,29.67266403847008,29.71332762027621,29.44976045930347,29.230774014164048,29.636477181266464,29.56317081590037,29.70288192953702,29.971671935879357,29.994801679658988,29.644684509704398,29.464682874645163,29.580704653926865,29.527170488888526,29.64673634181388,29.837370197804074,29.830468580708537,29.558694091297863,29.39585323388158,28.999663106559503,29.475315095576125,29.471024901165386,29.584994848337605,29.72302719024831,29.69224970860606,29.480724471137492,29.32683706292623,27.94054467768248,28.829547571664143,28.983434979875405,1.3926947425119578,1.5460983037017286,1.5726526339538396
1.5378262274898589,1.631748088914901,1.6202573060058056,1.6337436870671809,1.6578839872963727,1.6579805484972894,1.6271775254048406,1.609345890302211,1.5402724445797502,1.6363508394919335,1.6305893545038999,1.6409857771359384,1.6655766963027419,1.6640639041550458,1.63187683718279,1.612500222865492,1.5599387424997986,1.6556308926083148,1.654407784063369,1.668763215932995,1.690392924938351,1.6861764191649855,1.6533777979202569,1.6322630819864572,1.6586242898367345,1.6395051720552147,1.6600405207835138,1.7032033775933086,1.709769539255649,1.6645788972266018,1.6288834399543703,1.6969590866006912,1.6817989780567586,1.705746155884117,1.7538014468736947,1.7580823267810046,1.698471878748387,1.6668963660486042,1.6863051674328744,1.6751362551935016,1.696186596993357,1.7304658233188093,1.7292105277068912,1.682861151266843,1.6557596408762039,1.5834031143225729,1.6675722944550215,1.6653835739009082,1.6857258002273738,1.7109604607336224,1.705778342951089,1.6693103960715234,1.643335433024913,28.781609312378936,29.32590441196737,29.259313133505046,29.33746928385719,29.47736692768561,29.477926518260922,29.29941712473586,29.1960793984946,28.79578560695355,29.35257822939066,29.31918932506361,29.379438577005715,29.52194764351893,29.513180724505684,29.326650532734458,29.21435935728818,28.90975555412577,29.46430981426162,29.457221666974316,29.54041413250428,29.665762421374545,29.641326966252514,29.451252700837635,29.32888889503571,29.481657122096344,29.370858188184236,29.48986445053428,29.740001437699494,29.778053596820826,29.516165207574023,29.309303224899736,29.703814580495877,29.61595886017163,29.754737322849422,30.033226899163857,30.058035414669433,29.71258149950912,29.52959538138155,29.6420730870196,29.577347110474985,29.69933785589337,29.897992510129722,29.890717832650644,29.622114356500077,29.46505593502871,29.04573606392699,29.533512515408745,29.520828462368303,29.63871554356772,29.78495521391636,29.75492385304119,29.543585145764393,29.39305528100501,27.982513970831008,28.872822576155066,29.01980836727079,1.3999368325807153,1.553565703239292,1.5789291120134294
1.5431692806072532,1.6397304815240203,1.6277890796773136,1.6414685831405222,1.665866379905492,1.6664135600440204,1.637541760969907,1.6190663845278324,1.54625923903659,1.643689490761608,1.638797056581825,1.6495797240175307,1.6735590889118612,1.673398153577,1.6401167263276875,1.622285091225058,1.5666980265639723,1.664224839489907,1.6635167240165174,1.67767903348431,1.6989868718199432,1.695961287524551,1.6620039318688213,1.6423054468818008,1.6692138348706067,1.650609710160643,1.6699541374109685,1.712956058885902,1.7202625230886042,1.6761018672026693,1.6398592297919095,1.706904890295118,1.6911976016126573,1.714822908770293,1.7631356962956488,1.7685753106139601,1.709769539255649,1.67767903348431,1.695671603921801,1.6839555115438998,1.7055530334822833,1.7398000727407634,1.7387057124637066,1.693547257501632,1.666864178981632,1.5922545577399432,1.6772606016136706,1.6744603267870843,1.6952531720511614,1.7204234584234654,1.7157563337124884,1.6797711928375065,1.654536532331258,28.812573324212963,29.372163899526637,29.302961198379514,29.382236529882285,29.52362641524487,29.526797428504985,29.359479846486195,29.25241151640951,28.830480222623,29.3951071131145,29.36675452396527,29.429242138208632,29.568207131078196,29.567274480119337,29.37440226182789,29.271064535586632,28.948926894397726,29.51411337546454,29.510009711245573,29.592082995624914,29.715565982577463,29.698032144550968,29.501242792232325,29.387086314868334,29.54302555518908,29.435211104345314,29.547315749599818,29.796520085806172,29.838862439338243,29.58294301622812,29.372910020293723,29.761452409753183,29.670425676168826,29.807338836928906,30.087320654777514,30.11884425718685,29.778053596820826,29.592082995624914,29.69635337282503,29.6284563830203,29.753618141698794,29.952086265743375,29.945744239223153,29.684042380168126,29.52940885118978,29.09703186666408,29.589658103131885,29.57342997644779,29.693928480331998,29.8397950902971,29.81274821249027,29.60420745809004,29.4579677877414,28.02392367340422,28.902480876646692,29.050399318721272,1.4070823614485561,1.5586834468878805,1.5842077909968793
1.54954231986776,1.6481956801377238,1.635771472286433,1.6500947170890867,1.673655650112778,1.674814384523779,1.6460069595836102,1.6284650080837308,1.5522460334934294,1.6530559272505343,1.6462644561193884,1.6576908648945392,1.681734603922814,1.682346158195287,1.6507062713615597,1.6318124630488455,1.5733285623602569,1.6738809595815838,1.6718531743623317,1.6863373544998468,1.7089648625813425,1.7066152066923679,1.6727222251705824,1.6527984307147563,1.6798033799044787,1.6597830242477358,1.6794171351008118,1.7220328117720782,1.7314958094619215,1.687882333714515,1.6511568902991711,1.7166897586546839,1.6996628002263605,1.723996222857386,1.7729527517221868,1.7808707701973616,1.72048783255741,1.6883651397190989,1.7060680265538395,1.6932253868319094,1.715305714774877,1.7500355600379407,1.7509046108461916,1.7051989757455885,1.6776468464173377,1.6010416270233692,1.6858867355622351,1.6837945762090385,1.705520846415311,1.7317533059976995,1.7279874191619455,1.6914229110814631,1.664707645494491,28.849506302183663,29.42122133996247,29.349220685938775,29.43222662127697,29.56876672165351,29.57548180855727,29.408537286922027,29.306878332406708,28.865174838292447,29.449387398919924,29.410029528456196,29.47624774653498,29.615585799788086,29.61912987343174,29.435770694920627,29.326277472350917,28.9873521139026,29.570072432995907,29.55832103091432,29.642259617211373,29.773390342026545,29.759773638027244,29.563357346092143,29.447895157385755,29.604393988281814,29.48837220900011,29.602155625980558,29.84912159988566,29.903961476266403,29.65121306641639,29.43838211760542,29.818157588051637,29.719483116604657,29.860499941583704,30.14421236326774,30.190098790443457,29.84016815068064,29.65401101929296,29.756602624767133,29.68217707825041,29.810136789805476,30.011402866726627,30.01643918190445,29.751566309589307,29.59189646543314,29.147954609017624,29.639648194526572,29.627523732061444,29.753431611507022,29.90545371780057,29.88362968536334,29.671731387511223,29.51691132834111,28.060110530607837,28.929714284645293,29.087518826883745,1.4133266524411738,1.56338275866583,1.5906130173243582
1.5548209988512098,1.6558240150101482,1.643592929560691,1.6577552390284835,1.6831830219365655,1.6863051674328744,1.6566286916844546,1.6373808256350457,1.5579109572805465,1.6614245646633208,1.654150287527591,1.6648042066954076,1.6910044792108239,1.6935150704346598,1.661328003462404,1.6417582667432726,1.5799269110895693,1.6820564745925366,1.6813483591191472,1.695446294452995,1.717977241333574,1.7182669249363243,1.6850820588879287,1.6640317170880734,1.6871098441071808,1.667379172053188,1.6871742182411253,1.7278908579610288,1.741023181285709,1.699727174360305,1.662454550806433,1.725154957268387,1.7086751789785921,1.7334914076142014,1.7813535762019455,1.7949687055312098,1.7343604584224521,1.7007571605034173,1.7161103914491833,1.703235564660281,1.7247043383307754,1.761397594679147,1.7669015831314028,1.7193934722803532,1.6896204353310167,1.6093137032352387,1.695188797917217,1.694545056577772,1.716335700917989,1.743018779437989,1.741634735558182,1.7059070912189782,1.6782584006898105,28.880097253634144,29.46542899541225,29.394547522539185,29.476620806918522,29.623979658417788,29.6420730870196,29.47009225020653,29.358547195527336,28.89800415204418,29.49788524878044,29.455729425440147,29.517470918916423,29.669306495018198,29.683855849976354,29.497325658205128,29.383915301608226,29.0255908032157,29.617451101705797,29.61334743748683,29.695047661482626,29.825618795722484,29.827297567448426,29.63498493973229,29.51299419431391,29.64673634181388,29.532393334258117,29.647109402197422,29.883070094788025,29.95917441303068,29.719856176988202,29.503854214917123,29.867215028487472,29.771711570300603,29.915526348156217,30.192896743320027,30.27179901443926,29.92056266333404,29.72582514312488,29.814800044599757,29.740187967891266,29.86460360580267,30.07724802442187,30.109144687214748,29.833826124160417,29.661285696772033,29.195892868302828,29.69355541994846,29.689824816113035,29.816105755942154,29.970739284920498,29.962718486674337,29.755669973808274,29.595440539076794,28.088649649948835,28.961051356862857,29.123892214279138,1.418251273687929,1.568790185917169,1.596889495383948
1.5603249873034657,1.6646110842935742,1.6510281420312822,1.6657376316376031,1.6917125946842133,1.6960900357924402,1.667379172053188,1.648871608544141,1.5644449318759144,1.6683125969953836,1.6621326801367104,1.6746534491889178,1.7012721535749733,1.7047805438749493,1.6728831605054437,1.652894991915673,1.586686195153743,1.6898457447998225,1.6898135577328504,1.7065830196253955,1.7288564699701965,1.7299186431802809,1.69679815126583,1.6755868741311133,1.6962509711273015,1.675425938796252,1.6958003521896898,1.7364848048426211,1.7520955323241652,1.7116685762070118,1.6729797217063607,1.7330407886765897,1.7163678879849613,1.7419566062279046,1.7908165738917887,1.8062341789714993,1.746430608537048,1.7127307494170965,1.7242859064601361,1.7122157563455402,1.7346823290921747,1.772727442253381,1.7797120357863605,1.730916442256421,1.7015940242446959,1.6180042113177477,1.705134601611644,1.703106816392392,1.7256055762059987,1.7549601812846958,1.7549601812846958,1.7180094284005463,1.6890732551924885,28.911993916427022,29.516351737765795,29.43763599683834,29.522880294477787,29.673410159237164,29.698778265318055,29.532393334258117,29.425138473989666,28.93586978097374,29.537802709819488,29.50198891299941,29.574549157598415,29.728809626193218,29.749141417096283,29.564289997051,29.448454747961065,29.064762143487656,29.662591408114434,29.662404877922665,29.759587107835472,29.88866600054116,29.89482149686961,29.70288192953702,29.579958533159783,29.699710916276906,29.579025882200924,29.697099493592113,29.93287365599094,30.023340798999985,29.789058878135325,29.564849587626313,29.91291492547142,29.816292286133923,29.96458378859205,30.247736619700767,30.337084581559186,29.99051148524825,29.795214374463775,29.862178713309646,29.792229891395436,29.92242796525175,30.14290665192534,30.183383703539697,29.90060393281452,29.730674928110933,29.24625602008106,29.751193249205766,29.73944184712418,29.869826451172266,30.039941986067625,30.039941986067625,29.825805325914256,29.658114683511926,28.117748359865146,28.99089618754625,29.155602346880244,1.4232724561356007,1.5739401166327298,1.6023612967692316
1.567309580836445,1.6719819226302206,1.6599117725156247,1.6754581258632242,1.7016262113116682,1.7053277240134777,1.6781618394888937,1.6587852251715958,1.5703995392657817,1.6763915508054197,1.6703725692816078,1.6833761443383992,1.7103489064611495,1.7145010381005705,1.6821208487264812,1.6628729826770723,1.5931879826821387,1.6992765554226934,1.6980856339447201,1.7145975993014873,1.7395425762049854,1.7398966339416801,1.7072267609648406,1.6860154838301242,1.7041689896024763,1.6828289641998708,1.7034286870621145,1.7462374861352146,1.7618804006837308,1.7218396893702448,1.6837945762090385,1.7410553683526815,1.7245755900628865,1.749327444564551,1.7997967655770482,1.8162121697328986,1.7565695346333086,1.7219040635041893,1.7330407886765897,1.7198119041509927,1.7435981466434896,1.7824801235459744,1.7894969041459263,1.7420853544957935,1.711539827939123,1.6246025600470602,1.7139860450290143,1.712183569278568,1.7355191928334535,1.7648737979121507,1.7650025461800396,1.7290174053050578,1.6995662390254438,28.95247096804138,29.559067151681404,29.489118329767194,29.579212412392696,29.730861458302705,29.752312430356394,29.59488094850148,29.482589773055203,28.970377866451418,29.584621787954063,29.549740642092843,29.62509883956842,29.781411140272706,29.805473535011195,29.61782416208934,29.506279107410148,29.102441242225446,29.7172447543034,29.71034313720787,29.80603312558651,29.95059402420921,29.95264585631869,29.763317711670897,29.640394315293662,29.74559734345263,29.62192782630831,29.741307149041894,29.98939230409762,30.080045977298436,29.848002418735035,29.627523732061444,29.959360943222457,29.863857485035588,30.00729920250766,30.299778543204944,30.394908941008268,30.049268495656186,29.848375479118577,29.91291492547142,29.836251016653446,29.97409682837238,30.19942530003202,30.240088881838147,29.965329909359134,29.78831275736824,29.28449470939416,29.802489051942853,29.792043361203667,29.927277750237806,30.097393285133162,30.09813940590025,29.889598651500016,29.718923526029343,28.144608707480202,29.006564723655032,29.188991251207295,1.4279073937796056,1.5766438302583992,1.6081227817572654
1.5723629503510892,1.6799965023063124,1.667861978057772,1.682732402998954,1.7092223591171205,1.714822908770293,1.6873673406429588,1.6685700935311616,1.5759035277180373,1.683987698610872,1.6786768325604497,1.690392924938351,1.7192969110794365,1.723996222857386,1.6923563360236584,1.6722394191659986,1.5993678995408118,1.7064220842905342,1.7075486316345632,1.7230306108482183,1.747911213617772,1.7497458764351905,1.7167541327886284,1.6961222228594124,1.712183569278568,1.6908757309429348,1.7117007632739842,1.7548958071507514,1.7697984191589058,1.7308520681224764,1.6929035161621868,1.7492308833636343,1.731431435327977,1.7570845277048648,1.8085516477935015,1.8239048787392675,1.7655175392515958,1.7310130034573377,1.7403150658123194,1.7279552320949734,1.7510333591140808,1.7910740704275667,1.7976080450229346,1.7513552297838033,1.7215821928344668,1.6309434122405946,1.721099386829883,1.7200694006867707,1.7439522043801845,1.773081499990076,1.773081499990076,1.7379332228563726,1.7090936108492314,28.981756208149463,29.60551316943244,29.535191287134687,29.621368235732994,29.77488258356071,29.807338836928906,29.64822858334805,29.539294951353654,29.002274529244296,29.62864291321207,29.59786543156982,29.665762421374545,29.833266533585103,29.860499941583704,29.67714076307259,29.560559393215573,29.138255039045518,29.758654456876616,29.765183013588608,29.854904035830568,29.999091874069727,30.009724095000685,29.81853064843518,29.698964795509823,29.792043361203667,29.668560374251115,29.789245408327098,30.03956892568408,30.12593240447416,29.900230872430974,29.6803117763327,30.006739611932346,29.903588415882858,30.052252978724525,30.350514755366714,30.439489656841587,30.101123888968587,29.901163523389833,29.955070748811714,29.883443155171566,30.017185302671535,30.24922886123494,30.2870944901645,30.019050604589246,29.846510177200862,29.32124115717309,29.843712224324296,29.837743258187615,29.976148660481865,30.144958484034824,30.144958484034824,29.941267514620648,29.774136462793628,28.169417222985775,29.02726957494164,29.209136511918587,1.4321882736869156,1.5802165946923197,1.611598984990269
1.5768047655932604,1.6844061304815114,1.6721750450320543,1.687624837178737,1.715080405306071,1.7211637609638273,1.6929678902961314,1.6739453337155283,1.5789612990804016,1.6891376293264329,1.683215209003538,1.6968625253997742,1.7241571581922472,1.7292749018408358,1.698471878748387,1.6788055808283389,1.6024256709031761,1.7112179572694004,1.71192607274279,1.7288886570371687,1.752835834864527,1.7557648579590022,1.7232237332500517,1.7023021397180855,1.7165288233198226,1.6947703660465776,1.7164322621189059,1.757470772508532,1.7750127240084113,1.73761135218665,1.6978603244759143,1.754091130476445,1.7359054376371206,1.7621700842864811,1.8116094191558658,1.8312435300089418,1.772598693985492,1.7368388625793159,1.7462696732021867,1.7334914076142014,1.7575995207764208,1.7968355554156006,1.806588236708194,1.759144499991089,1.7283414768986405,1.636028968822211,1.7262493175454439,1.7263458787463606,1.751065546181053,1.780001719389111,1.781675446871668,1.7463018602691591,1.7174300611950457,29.00749737461389,29.6310678057051,29.560186332832032,29.649720824882223,29.808831078463076,29.844085284707838,29.680684836716246,29.570445493379452,29.019994897462563,29.658487743895467,29.624166188609564,29.70325498992056,29.861432592542563,29.891090893034185,29.71258149950912,29.598611552336905,29.15597540726379,29.786447455450528,29.790551119669495,29.888852530732933,30.027630993410725,30.044605240861905,29.856023216981196,29.7347785923299,29.81722493709278,29.69113052745543,29.816665346517468,30.05449134102578,30.156150295541096,29.939402212702934,29.709037425865468,30.0349056708898,29.92951611253906,30.081724749024378,30.36823512358498,30.482018540565427,30.142160531158254,29.934925488100426,29.989578834289393,29.915526348156217,30.055237461792863,30.282617765561987,30.33913641366867,30.064190910997883,29.885681517472822,29.350712927472948,29.87355705500769,29.874116645583005,30.017371832863304,30.18506247526564,30.194762045237738,29.989765364481165,29.822447782462376,28.18844330254644,29.039394037406772,29.230400953780503,1.4354713545180857,1.5823087540455163,1.615268310625106
1.581021271366626,1.6904572990722955,1.6793205738998949,1.6939013152383269,1.7201659618876874,1.7285989734344185,1.7017549595795571,1.6822495969943703,1.5842721651308238,1.6960256616584957,1.69052167320624,1.7027527586556972,1.730433636251837,1.7374504168517888,1.7078061281703412,1.6868523475714028,1.6085734006948769,1.71820255080238,1.71849223440513,1.7356157540343702,1.7600779249332845,1.7642622436396778,1.7335879688151181,1.7117007632739842,1.7192003498785198,1.6985362528823316,1.7198119041509927,1.7570523406378924,1.7770405092276633,1.7437590819783508,1.7052311628125607,1.7572776501066982,1.741280677821487,1.7666118995286524,1.8124784699641168,1.834912855643779,1.7813535762019455,1.745915615465492,1.7517414745874702,1.7402828787453473,1.76429443070665,1.8028545369394124,1.8160512343980373,1.770474347565323,1.7382872805930674,1.643077936489135,1.733459220547229,1.7339742136187852,1.75801795264706,1.787211622390896,1.7912671928294004,1.7580823267810046,1.7284058510325848,29.031932829735922,29.66613548175809,29.601596035405244,29.68609421227761,29.83830284876293,29.88717375900699,29.731607579069788,29.618570282856425,29.050772379104814,29.69840520493451,29.66650854214163,29.737390015014697,29.89780597993795,29.93846956174408,29.766675255122777,29.64524410027971,29.191602673892092,29.826924507064884,29.828603278790823,29.927837340813117,30.06960028655925,30.093849211489506,29.91608593873153,29.789245408327098,29.832706943009793,29.712954559892665,29.836251016653446,30.052066448532752,30.167901697622685,29.975029479331237,29.75175283978108,30.053372159875153,29.960666654564854,30.10746591548881,30.373271438762803,30.503282982427347,30.192896743320027,29.98752700217991,30.021288966890502,29.954884218619945,30.094035741681278,30.317498911423208,30.39397629004941,30.129849538501354,29.943319346730128,29.391563039470846,29.915339817964444,29.918324301032783,30.05766235428589,30.226845238222392,30.250348042385568,30.058035414669433,29.886054577856363,28.197023691367917,29.065694794446514,29.25091927487534,1.4369519595988094,1.5868471304886043,1.6188088879920541
1.5858815184794366,1.6949313013814389,1.6834083314053714,1.6981178210116923,1.7237709133885801,1.7344892066903412,1.7101235969923436,1.69052167320624,1.5890358510427176,1.700596225168556,1.6961222228594124,1.7084498695097863,1.7342638972215354,1.7436947078444063,1.7168506939895452,1.696186596993357,1.611985229793936,1.7228053013794125,1.7236099780537188,1.7396713244728743,1.7636185023002326,1.770699657034129,1.7423428510315717,1.7202947101555766,1.7204234584234654,1.6998881096951663,1.7206165808252991,1.7547026847489178,1.775978336017579,1.747299659345299,1.7107029641978442,1.7583398233167826,1.7420853544957935,1.767062518466264,1.8104828718118369,1.8370050149969757,1.7870184999890626,1.7522886547259986,1.7555073614232242,1.7437590819783508,1.768317814078182,1.8057513729669155,1.8234220727346837,1.7796798487193883,1.7476215300150215,1.6482922413386405,1.7385447771288454,1.7396391374059021,1.7632000704295934,1.7925546755082906,1.7990886501036585,1.7678993822075426,1.737836661655456,29.060098888693375,29.692063178414287,29.625285369760192,29.71052966739964,29.859194230241307,29.921308784101125,29.780105428930305,29.66650854214163,29.078378847486956,29.724892492166024,29.698964795509823,29.770405858958203,29.920003072758725,29.974656418947696,29.819090239010492,29.69933785589337,29.211374874219842,29.853598324488168,29.85826157928245,29.951340144976292,30.090118607654084,30.13115524984375,29.966822150893304,29.839048969530015,29.8397950902971,29.720788827947057,29.840914271447726,30.03844974453345,30.161746201294235,29.995547800426074,29.78346297238219,30.059527656203603,29.965329909359134,30.110077338173603,30.36170656687299,30.515407444892478,30.225726057071764,30.02445998015061,30.043112999327732,29.975029479331237,30.11735201565268,30.33428662868262,30.436691703965018,30.183197173347928,29.997413102343785,29.421780930537786,29.9448115882643,29.95115361478452,30.08769371516106,30.257809250056418,30.295674878985974,30.114927123159656,29.940707924045334,28.20243306692928,29.0813633305553,29.265095569449954,1.437885384541005,1.5895508441142738,1.6212551050819457
1.5896152182482184,1.6978603244759143,1.6883007655851543,1.7035252482630312,1.7281161674298346,1.740250691678375,1.7183312990702688,1.6986971882171928,1.5926408025436103,1.7045230473391713,1.7003709156997502,1.7128916847519577,1.7384160288609565,1.7495527540333569,1.72476871246472,1.704877105075866,1.6168132898397745,1.7266999364830553,1.7277621096931397,1.7443706362508238,1.7691546778194607,1.7774267540313304,1.7515483521856368,1.7292427147738636,1.7195865946821869,1.7017549595795571,1.7217753152363002,1.754348627012223,1.7768473868258297,1.7512908556498588,1.7166575715877115,1.7600779249332845,1.7457546801306307,1.7683821882121264,1.810611620079726,1.8397731027565896,1.7940996547229588,1.7595629318617285,1.7586938810534776,1.747557155881077,1.772598693985492,1.8092597632668912,1.829988234397024,1.7877909895963966,1.7557004838250578,1.6535709203220903,1.74388783024624,1.7448856293223798,1.768446562346071,1.7995070819742978,1.8074251004494726,1.7772014445625246,1.7462374861352146,29.08173639093884,29.709037425865468,29.653637958909414,29.741866739617205,29.88437580613042,29.954697688428176,29.82767062783197,29.71388721085152,29.099270228965334,29.747649175562113,29.723586780823624,29.796147025422634,29.944065467497214,30.008604913850057,29.864976666186216,29.749701007671597,29.239354402985526,29.876168477692488,29.882323974020938,29.978573552974893,30.122201800638734,30.170140059923938,30.020169785739874,29.890904362842413,29.834945305311045,29.731607579069788,29.84762935835149,30.036397912423972,30.166782516472058,30.018677544205705,29.817971057859864,30.06960028655925,29.986594351221054,30.117725076036223,30.362452687640072,30.531449041384803,30.266762699261434,30.06661580349091,30.061579488313086,29.99704004196024,30.142160531158254,30.35461841958568,30.474743863086353,30.230202781674272,30.04423218047836,29.452371881988263,29.975775600098324,29.981558036043232,30.118098136419768,30.298099771479002,30.34398619865472,30.16883434858154,29.98939230409762,28.207842442490648,29.088451477842604,29.27218371673726,1.4388188094832004,1.5907739526592195,1.6224782136268914
1.5927051766775548,1.7007571605034173,1.6914872852154077,1.7061002136208117,1.731946428399533,1.7448534422554076,1.7233524815179408,1.7041046154685318,1.596374502312392,1.7069370773620904,1.7042333637364209,1.7171081905253232,1.7426647217012943,1.754477375280112,1.730304887983948,1.7107673383317887,1.6201929318718613,1.7296611466445029,1.7314958094619215,1.7484905808232725,1.7739505507983266,1.782673245947808,1.7564085992984473,1.7353260704316198,1.7228053013794125,1.7035252482630312,1.7241249711252749,1.7573098371736706,1.7808063960634173,1.75573267089203,1.7213246962986886,1.763039135094732,1.7480077748186886,1.7716652690432966,1.8136050173081457,1.8436355507932602,1.7983805346302688,1.7645519272424282,1.7608504145406187,1.7507436755113304,1.7753345946781338,1.8132831466384232,1.8349450427107512,1.793488100450486,1.7616872782818973,1.6568861882202328,1.7466237309388817,1.7478790265507995,1.7734033706597985,1.8039810842834414,1.8124784699641168,1.7826088718138635,1.7529967701993883,29.099643289348876,29.72582514312488,29.672104447894768,29.756789154958902,29.906572898951197,29.98137150585146,29.856769337748283,29.745224283069085,29.1209077312108,29.761638939944955,29.745970403836175,29.820582480544665,29.968687452811018,30.037144033191055,29.897059859170867,29.78383603276573,29.258940073121504,29.89332925533544,29.903961476266403,30.002449417521607,30.149994799212646,30.20054448118265,30.048335844697327,29.92615856908718,29.853598324488168,29.741866739617205,29.861246062350787,30.05355869006692,30.18972573005992,30.044418710670133,29.845017935666693,30.0867610642022,29.99965146464504,30.13675115559689,30.379799995474798,30.553832664397348,30.291571214767007,30.095527983215447,30.07407701116176,30.015506530945594,30.15801559745881,30.377934693557084,30.50346951261912,30.26321862561778,30.07892679614781,29.4715844917407,29.991630666398876,29.998905343877954,30.146823785952535,30.3240274681352,30.373271438762803,30.20017142079911,30.02856364436958,28.231904837229138,29.105052664910243,29.280577575366966,1.4429709411226213,1.5936386016197504,1.6239266316406429
1.597146991919726,1.706132400687784,1.6973775184713304,1.7136319872923196,1.738866647798568,1.7519989711232484,1.730433636251837,1.7122801304794848,1.601427871827036,1.7124732528813182,1.7090614237822592,1.7232237332500517,1.7503896177746356,1.7615585300140082,1.7375147909857334,1.7180094284005463,1.624827869515866,1.7353260704316198,1.737482603918761,1.754863620083779,1.780516712460667,1.790365954954177,1.7648737979121507,1.7430831535719336,1.7264102528803051,1.707773941103369,1.728663347568363,1.762652890291065,1.7861494491808116,1.762137897219509,1.7282449156977235,1.7669015831314028,1.753093331400305,1.7774267540313304,1.8200102436356247,1.850523583125323,1.8052685669623316,1.7725021327845751,1.766064719390124,1.7557648579590022,1.7811926408670842,1.8206539849750698,1.8418652621097862,1.8002473845146596,1.769701857957989,1.662325802538544,1.7528680219314992,1.7547670588828623,1.779647661652416,1.8117059803567828,1.8201068048365414,1.7912028186954558,1.7608504145406187,29.125384455813304,29.756975685150675,29.7062394729889,29.80043721983337,29.94667689018201,30.02278120842467,29.89780597993795,29.79260295177898,29.15019297131888,29.793722132929606,29.77394993260186,29.856023216981196,30.01345469883611,30.078180675380725,29.93884262212762,29.825805325914256,29.285800420736557,29.92615856908718,29.938656091935847,30.03938239549231,30.188046958333977,30.245125197015973,30.097393285133162,29.971112345304043,29.874489705966546,29.76648872493101,29.887546819390533,30.084522701900944,30.220689741893942,30.081538218832605,29.885121926897504,30.109144687214748,30.02912323494489,30.170140059923938,30.41691950363727,30.593750125436394,30.33148867580605,30.14160094058294,30.104294902228695,30.044605240861905,30.19196409236117,30.420650107472696,30.543573503849935,30.302389965889738,30.125372813898846,29.503108094150036,30.027817523602494,30.038822804916997,30.183010643156152,30.368794714160295,30.417479094212585,30.249974982002023,30.07407701116176,28.25522111120054,29.12780934830633,29.303334258763055,1.4469943244941532,1.5975654237903654,1.6278534538112581
1.6024578579701483,1.7113467055372893,1.7023021397180855,1.7188784792087972,1.7448856293223798,1.7585973198525608,1.7376435392536222,1.7187819180078805,1.6057409388013184,1.718460047338158,1.7149194699712098,1.7282127286307514,1.756344225164503,1.7685431235469877,1.7449178163893522,1.7248330865986645,1.629494994226843,1.7405725623480977,1.7435015854425728,1.7609469757415355,1.7869863129220902,1.7974792967550457,1.7728240034542977,1.7503896177746356,1.7309808163903653,1.7130204330198466,1.7333626593463123,1.768446562346071,1.7920396824367344,1.7683500011451543,1.7345535808242858,1.7709249665029347,1.7580823267810046,1.782544497679919,1.8263832828961313,1.8560919457115233,1.8124462828971446,1.7796154745854438,1.770216851029545,1.761397594679147,1.7867610034532846,1.8261901604942978,1.84762674709782,1.807714784052223,1.7769117609597742,1.667250423785299,1.757985765580088,1.7595307447947561,1.7848619665019214,1.8183043290860952,1.8278317009098828,1.799024275969714,1.7692834260873496,29.156161937455558,29.78719357621761,29.7347785923299,29.83084164109208,29.981558036043232,30.061019897737772,29.939588742894706,29.830282050516765,29.175188017016225,29.828416748599054,29.80789842750422,29.884935396705735,30.04796278431379,30.11865772699508,29.981744566235,29.865349726569757,29.31284729854339,29.956562990345887,29.973537237797068,30.074636601737073,30.22553952687999,30.286348369397412,30.143466242500654,30.01345469883611,29.90097699319806,29.796893146189717,29.91478022738913,30.118098136419768,30.254824766988076,30.117538545844454,29.921681844484667,30.13246096118615,30.058035414669433,30.199798360415564,30.453852481607974,30.626019848612813,30.37308490857103,30.182824112964383,30.128357296967184,30.07724802442187,30.224233815537595,30.452733300457346,30.576962408176982,30.34566497038066,30.1671555768556,29.531647213491034,30.05747582409412,30.066429273299136,30.21322853422309,30.407033403473395,30.462246340237677,30.295301818602432,30.122947921405817,28.26398803021379,29.1416125824974,29.32236033832372,1.4485071166418493,1.5999472667463124,1.6311365346424282
1.607575601618737,1.7182669249363243,1.7086108048446476,1.7248652736656367,1.7529967701993883,1.7656462875194847,1.745529370661825,1.7275689872913063,1.610343689378351,1.7237709133885801,1.7219684376381337,1.7359376247040927,1.7636828764341772,1.7755277170799673,1.7529002089984715,1.7334914076142014,1.634998982679099,1.7463984214700758,1.7492308833636343,1.768060317542404,1.7937777840532363,1.8047857609577478,1.7801626547239722,1.758372010383755,1.7364204307086766,1.7180094284005463,1.7395425762049854,1.7744011697359383,1.7980908510275184,1.7757208394818007,1.7422784768976272,1.7767186385579408,1.7631035092286766,1.7877588025294244,1.832273516152054,1.8630121651105582,1.8197205600328743,1.7868575646542013,1.775978336017579,1.766708460729569,1.7931340427137912,1.833754121232778,1.8548688371665776,1.814892499987036,1.7845079087652267,1.6720462967641652,1.7637150635011494,1.7660325323231518,1.7925868625752628,1.8252245484851302,1.8351059780456125,1.8067491720430553,1.7772658186964692,29.185820237947183,29.827297567448426,29.771338509917058,29.86553625676153,30.02856364436958,30.10187000973567,29.985288639878654,29.881204792870314,29.20186183443951,29.859194230241307,29.848748539502118,29.92970264273083,30.09049166803763,30.159134778609435,30.028004053794266,29.915526348156217,29.344743961336267,29.99032495505648,30.006739611932346,30.115859774118512,30.264897397343724,30.32869072292948,30.185995126224494,30.059714186395375,29.932500595607397,29.825805325914256,29.95059402420921,30.152606221897443,30.289892443041065,30.160253959760063,29.966449090509762,30.16603639570497,30.087134124585745,30.230016251482503,30.487987506702105,30.666123839843628,30.41524073191133,30.22479340611291,30.161746201294235,30.10802550606412,30.261166793508295,30.496567895523583,30.618931701325508,30.387261203145645,30.21117670211361,29.55944021206495,30.090678198229398,30.104108372036926,30.257995780248187,30.44713739470421,30.504402163577975,30.340069064627528,30.169207408965086,28.285065941883936,29.15821376956504,29.348101504788147,1.4521442552097141,1.6028119157068432,1.6355783498845995
1.6114058625884353,1.7237065392546356,1.714694160502404,1.731560183595866,1.7590801258571447,1.7729527517221868,1.7525461512617766,1.7335879688151181,1.6149464399553835,1.7294680242426694,1.7276011743582784,1.7412163036875428,1.7696052967570721,1.7827054330147802,1.759884802531451,1.7405403752811253,1.6379923799075187,1.752224280592054,1.7564729734323918,1.7741758602671325,1.8005692551843822,1.8118025415576995,1.7872438094578684,1.7658394099213184,1.741505987290293,1.7229662367142737,1.7442418879829347,1.7803235900588334,1.8044960773549974,1.7821904399432242,1.7477180912159382,1.7814501374028624,1.7677384468726813,1.793488100450486,1.838807490747422,1.8689345854334534,1.825707354489714,1.7930696685798466,1.781160453800112,1.7717296431772411,1.7984449087642134,1.8399340380914508,1.8616924953646958,1.821329913381487,1.7905268902890383,1.6776146593503654,1.769058116618544,1.7713755854405462,1.7983483475632966,1.8320482066832482,1.8420261974446475,1.8130578371696173,1.7842504122294485,29.20801733076796,29.858821169857762,29.806592716161823,29.90433453664994,30.063817850614342,30.14421236326774,30.025952221684783,29.91608593873153,29.228535651862792,29.892210074184813,29.881391323062083,29.96029359418131,30.12481322332353,30.200731011374423,30.068481105408623,29.956376460154114,29.36209126917099,30.02408691976707,30.048708905080872,30.151300510555046,30.30425526780745,30.36935430473561,30.227031768414165,30.102989190886298,29.96197236590725,29.854530975447027,29.977827432207803,30.18692777718335,30.327011951203538,30.19774652830608,29.9979726929191,30.19345633389534,30.1139944722008,30.26321862561778,30.525853135631664,30.700445395129535,30.449935347580777,30.260793733124757,30.1917775621694,30.137124215980432,30.29194427515055,30.53238169234366,30.65847610198101,30.42456724149989,30.246057847974825,29.59170993524137,30.12164221006342,30.13507238387095,30.291384684575235,30.486681795359708,30.544506154808786,30.376628982214683,30.20968446057944,28.301667128951575,29.180037802002275,29.369179416458298,1.455008904170245,1.606577802542597,1.6392154884524643
1.6157833036966622,1.7286311605013907,1.7195544076152145,1.7362594953738153,1.7637150635011494,1.7778451859019697,1.7578892043791712,1.7404438140802085,1.6187445138581098,1.7345535808242858,1.7321073637343942,1.7469777886755764,1.775624278280884,1.790108458418399,1.7660325323231518,1.7459799895994366,1.6436573036946356,1.757245463039726,1.760271047335118,1.7794867263175547,1.8087447701953352,1.8267695276997984,1.7945824607275427,1.7715365207754075,1.7512586685828864,1.7313348741270602,1.7550567424856127,1.8001508233137429,1.840674340631813,1.8000542621128262,1.7628460126928984,1.811255361419171,1.7972539872862399,1.8281213845126332,1.9027310057543219,1.9820077517069876,1.8697392621077598,1.831404465343803,1.8024682921357453,1.792490301374346,1.8236151951365174,1.8906286685727536,1.9563868463970722,1.8577334861271084,1.8201389919035136,1.7091257979162038,1.7945824607275427,1.7974792967550457,1.8370050149969757,1.9151874006725849,1.9367849226109684,1.8699323845095932,1.8186261997558177,29.233385436848845,29.88736028919876,29.834758775119276,29.931567944648542,30.090678198229398,30.172564952416966,30.056916233518805,29.9558168695788,29.2505462144918,29.921681844484667,29.907505549910056,29.99368249850836,30.15969436918475,30.2436329554818,30.104108372036926,29.987900062563455,29.394920582922726,30.053185629683384,30.070719467709875,30.1820779921973,30.35163393651734,30.45609084390923,30.269560652138004,30.136005034829804,30.018491014013932,29.903028825307544,30.04050157664294,30.301830375314424,30.536671886754398,30.30127078473911,30.085641883051572,30.366183291475497,30.285042658055012,30.46392511196362,30.896302096489322,31.35572595882185,30.705108649923815,30.482951191524286,30.315260549121952,30.257436189672873,30.43781088511565,30.826166744383336,31.207247926171952,30.635532888393147,30.417665624404357,29.774322992985397,30.269560652138004,30.286348369397412,30.515407444892478,30.968489280704784,31.093651039383275,30.706227831074443,30.40889870539111,28.350724569387406,29.333738680021764,29.474009384233725,1.4634741027839482,1.6330999457277358,1.657304620090872
1.6746856362558902,1.8118347286246717,1.7917499988339842,1.8441827309317886,1.974250668566674,2.020696606207639,1.91055246302858,1.8330138186924159,1.6832795831374825,1.8187227609567345,1.8213942875154316,1.8696748879738152,2.0000003221444786,2.0488281027413904,1.921238569263369,1.8433780542574822,1.7550889295525849,1.8858327955938876,1.9107133983634412,1.9819755646400155,2.1085994861088695,2.1374712851829827,2.007081476878375,1.9249400819651783,1.9823939965106547,1.9242963406257332,1.994142275955528,2.194313645455986,2.293642934132367,2.142943086568266,1.9898292089812457,2.0513386939652265,2.023593442235142,2.115873763244599,2.3674478786997497,2.5117746870033444,2.2218014006502926,2.0783114560879765,1.9997750126756728,1.985966760944575,2.068172529991716,2.2935141858644785,2.3946137632243336,2.159036620054394,2.026619026530534,1.891819590050727,1.9711607101373374,1.9747978487052023,2.0908644122071562,2.265768934134394,2.277485026512295,2.142299345228821,2.0061802390031516,29.574735687790188,30.369540834927378,30.253145995262138,30.557003677657463,31.310772182604985,31.57993524933086,30.941628933089728,30.492277701112847,29.624539248993106,30.409458295966424,30.42494030188343,30.70473558954027,31.459996336021966,31.742962636938913,31.003556956757777,30.552340422863182,30.040688106834708,30.798373745809428,30.942561584048583,31.355539428630077,32.08934920305808,32.25666678507687,31.501032978211633,31.025007928811466,31.357964321123102,31.02127732497604,31.4260478411196,32.58607910374485,33.16171127555085,32.28837691767798,31.401052795422256,31.75751199189707,31.59672296659027,32.13150502639837,33.58942500528227,34.42582638518445,32.745375887517476,31.913824292601355,31.458690624679562,31.378669172409708,31.855067282193417,33.16096515478377,33.74685648713719,32.38164201356359,31.614256804616765,30.833068361478873,31.292865284194946,31.313943195865093,31.98657106739213,33.00017612947697,33.0680731192817,32.28464631384255,31.49581013284204,29.39678588484044,30.512422961824136,30.404795041172143,1.6439791743643581,1.8364900219254197,1.817918084282428
1.7393494538031518,1.9055956547148525,1.8781722736544908,1.9473422805778682,2.1037070519290864,2.1494448740966616,2.036049837153405,1.9391989526338875,1.7533186408691108,1.9176979918964208,1.9236204122193157,1.9867714376188814,2.138758767861873,2.186846245918423,2.0507593267597257,1.9540693775750697,1.8416077655740082,1.9978437886573375,2.0316080219112336,2.1212168163619936,2.2667989202775063,2.2956385322846473,2.154498243611306,2.053849285189062,2.1239849041216075,2.0472509364597498,2.1373747239820657,2.3640038625337185,2.471573040354997,2.3183626015670598,2.1386943937279286,2.1843034676276147,2.1427499641664327,2.259975262079388,2.536301232036203,2.6827845738269387,2.3932297193445264,2.2218014006502926,2.125916128139943,2.1063785784877838,2.215782419126481,2.466970289777964,2.5676836223341524,2.32193536600098,2.166439645458013,1.9952044491656125,2.0854569849558175,2.09334281636402,2.2324875068850814,2.4245477355085314,2.4391606639139356,2.2929026315920056,2.1358297447673977,29.94947484305858,30.912903283556957,30.753979560167878,31.154832942284237,32.06099661390885,32.32605601641576,31.668910150805736,31.107640803766117,30.03042894628729,30.98303863566294,31.017360190948843,31.38333242720399,32.26412799274772,32.54280409925393,31.754154448445185,31.193817752364424,30.54208126231576,31.44749881317329,31.643168984341308,32.1624690382324,33.006145095613654,33.17327614744067,32.35534125652384,31.772061346855224,32.178510634724724,31.73382265754212,32.25610719450155,33.56946627476275,34.19285017566219,33.30496646283115,32.26375493236417,32.528068214103996,32.28725773652735,32.96660069495815,34.56796239131412,35.416861294064965,33.73883568889102,32.745375887517476,32.189702446230996,32.07647861982586,32.71049474165626,34.1661763582389,34.749829328291064,33.325671314117756,32.42454395767097,31.43220333744805,31.955233995174567,32.000933892158514,32.80730391118552,33.92032956548442,34.005014272548564,33.157421081140114,32.247153745296536,29.953391977085776,31.027992411879804,30.919991430844266,1.7400253822095693,1.9254550750367343,1.9068187632597984
1.787469118926674,1.9706779041327536,1.9418382921256125,2.0182503891177475,2.1808594514615836,2.2286572459153833,2.116839375253767,2.0159329202957452,1.8026614145375788,1.9878979849629104,1.9939813406206668,2.063022599276155,2.2211898463778197,2.272238534595817,2.135765370633453,2.031897705513984,1.8957142251543702,2.06994281867519,2.1078913706354796,2.2032616500742734,2.355506476853043,2.3864382482133806,2.243849541526288,2.1366666085086763,2.2066412921063603,2.1205730750225484,2.2206748533062637,2.454707017261535,2.564625850971788,2.4135397586040197,2.228431936446577,2.2605868163518608,2.2129499572329223,2.3397348140366376,2.6224338232539592,2.7699471511878073,2.4857353498227894,2.307547747064382,2.198337028827518,2.177029190491885,2.2967007054947315,2.553907557670027,2.6561336823739112,2.412059153523296,2.2490960334427657,2.0556195738725362,2.1533073221333323,2.16582809118554,2.3125367424450816,2.5092962828464804,2.5275463498197497,2.3790030357427896,2.2161042897962036,30.22833747975656,31.290067331318376,31.12293627949136,31.565758954756248,32.50810948358448,32.78510681836475,32.13710093215151,31.55232878094872,30.31637973027258,31.38986098391598,31.425115190160746,31.825222451510022,32.74183181387382,33.03766869802298,32.24678068491299,31.64484775606725,30.855638514683193,31.865326442740837,32.08524553883911,32.63793449705725,33.520222304135146,33.6994778184273,32.873149068880764,32.252003530282586,32.65752016719323,32.15873843439697,32.738847330805484,34.09510835517406,34.7321089600728,33.85653623989867,32.78380110702235,32.970144768601806,32.69408008478039,33.42882251016725,35.06711718449392,35.92198505338145,34.27492346004153,33.242292318396025,32.609395377716254,32.4859123907637,33.17943164376912,34.66999440621298,35.26241429527839,33.84795585107719,32.90355349013948,31.782320507402638,32.34843963942831,32.42099988402732,33.27120449812056,34.41146356041806,34.517226179152345,33.656389344128144,32.71236004357397,30.282058174986673,31.327186839480852,31.211911180966233,1.7967389942146839,1.9770831304602325,1.9571915230713786
1.8301491697318852,2.0278099480085077,1.9982300334610046,2.0779252112843096,2.2461026362143457,2.2955419710837304,2.186749684717506,2.082882019598037,1.8478520565666259,2.0489890380762517,2.0559736316092314,2.1286520288325845,2.2921623290516435,2.3443697516806425,2.2113406038843095,2.104254232067615,1.9467629133723676,2.1372137886472045,2.177576370630413,2.276744723971933,2.4341394814662634,2.467549656983465,2.32721404498443,2.21620085099712,2.282892453763634,2.1911271258257328,2.298149123508483,2.5357218648307027,2.6476362966932356,2.502762308251113,2.3135023544542492,2.3354217470623553,2.283278698567301,2.4183034445159137,2.7036417932249606,2.8523138555698098,2.576438504550606,2.3941309572197498,2.273493830207735,2.251413502264768,2.37858460387215,2.6398148394189773,2.7415259710513054,2.5020863798446955,2.334617070388049,2.116968123521656,2.2248269849456848,2.2399227193556728,2.392392855603248,2.592435476835817,2.6129708255641164,2.4654896846972405,2.2992434837855398,30.475676514045205,31.621158421712302,31.449737175474546,31.9115859303001,32.886206182304754,33.17271655686535,32.542244508678614,31.94031157983287,30.57826811951938,31.743895287897768,31.784372339512124,32.20555751253155,33.15313088672937,33.45568285778231,32.68475357519183,32.06416762716896,31.151475398832357,32.255174543542694,32.489083404023816,33.06378292487096,33.97591556263225,34.169533901690784,33.35626226556824,32.71291963414929,33.09941019149927,32.5676126147595,33.18782550239882,34.56460484786224,35.21317032465079,34.373597931488504,33.2768004038737,33.403827464469906,33.101648553800516,33.884142708280805,35.537732858332724,36.39931581412401,34.80056554045284,33.74405853426062,33.044943375502065,32.91698366394701,33.65396445163512,35.16784348805038,35.75727889404745,34.369680797461314,33.399164209675625,32.137847052918595,32.76290972554398,32.85039238548468,33.73398590390497,34.893271045763136,35.012277308113184,34.15759596941743,33.194167528919046,30.586848508340857,31.610899261164885,31.51259785010145,1.8493326616473496,2.0260396593250336,2.0090770750306546
1.877689467649907,2.0905103544704615,2.0605763821862637,2.143940885644406,2.3142748440615835,2.3645188556052745,2.25971776554361,2.1552707332186403,1.8976132621057331,2.115069086570293,2.12301929211244,2.1986588994972407,2.3643579202704132,2.4175309549085795,2.2882355068810285,2.17966852998361,1.999678451474756,2.2052894352935253,2.2489672851748765,2.350871539209038,2.509811275918037,2.5446698694489895,2.4072954676114025,2.2953166616149248,2.357663010340184,2.2626789757050574,2.3749474653042855,2.6145479918457566,2.727363661583513,2.5868349271826445,2.3983796500600874,2.410514174308628,2.354347742442042,2.494779915641993,2.7810195022262634,2.9294340680353343,2.661187051888555,2.477398899476975,2.3484253221191467,2.3244781442917883,2.4581510334275665,2.7193490819074215,2.821382084209472,2.5886374029330907,2.4201702944003047,2.180441019590944,2.2980847493745387,2.3165601258166135,2.4736330126412214,2.6747378070838748,2.69778374703601,2.5523625784553587,2.384893268998712,30.751181607291308,31.984519235282647,31.811046156935408,32.29415935362288,33.281277128476205,33.57245075783109,32.96510845342398,32.359817981126355,30.866643795997696,32.12684177160409,32.172914728971584,32.611260679633965,33.57151810687223,33.8796659836783,33.13037420333329,32.50120786648894,31.45813103410425,32.64968589913884,32.90280736937239,33.49336195652009,34.4144480434864,34.616460241174636,33.82034938269505,33.171410845522956,33.53271982698382,32.98226923106694,33.63288653996497,35.02141728750997,35.67520560966811,34.86081479239495,33.76868051957442,33.83900240187217,33.513507217231385,34.327338443929236,35.98615143935075,36.84624215360787,35.29169953538648,34.22661214037278,33.47918566194548,33.34040719926769,34.11506708569359,35.62875959191708,36.220060299831864,34.87126048313414,33.89496145940354,32.50568459109145,33.187452442015285,33.294520772091964,34.20478810793554,35.37022874612216,35.50378436343036,34.66104095700796,33.690524369222274,30.889773539777327,31.905243903779876,31.807315553099983,1.901604458410293,2.076830851007253,2.0599326408468186
1.9350146339274943,2.1629956292919816,2.132997282873839,2.2177780172787607,2.390397257450968,2.4416712551377713,2.3412797932513056,2.2366718255914746,1.9543912482447923,2.1892924630083144,2.197564539220184,2.2750388094224037,2.4429265507496893,2.4956811535172165,2.3708275207318366,2.262260543834418,2.0594498348422348,2.2806071720086036,2.325443756300956,2.4286354930140077,2.5903111304156483,2.6263606454245747,2.491464647743851,2.3781017978675663,2.4349763452075424,2.337127661611885,2.452582670841366,2.6921510103158655,2.8058035437949003,2.670231617707759,2.482001650054008,2.484544428344816,2.426414585392922,2.569389536883682,2.855790058802813,3.003013703133911,2.742974389065057,2.5602484098635614,2.421329028811306,2.397542786318809,2.5348206269554794,2.79695210037753,2.897665432933718,2.6709075461141767,2.502247315179557,2.2425620588473976,2.370473462995142,2.3917169271968306,2.550109483767301,2.7516005230136216,2.776448938716203,2.6342464768327774,2.4668737285770477,31.083391878835858,32.40458522715145,32.23073908842066,32.72205961354607,33.722421032015156,34.01956362750672,33.43777595937227,32.83155283611578,31.195683054282135,32.55698039382854,32.60491865311374,33.05389682470708,34.026838304985795,34.33256128929884,33.60901067541825,32.979844338573905,31.804517600223416,33.08616654788351,33.34600310502083,33.94401889983937,34.880960053106236,35.089873867890006,34.308125834176806,33.65116649875855,33.9807653476183,33.41371356463378,34.08279736251716,35.4711415798704,36.12977968701459,35.344114519274186,34.253285957796066,34.26802184294599,33.93114831660716,34.75971542845494,36.419461074835304,37.27265017199689,35.76567275267716,34.70674085399192,33.9016765463073,33.76383073458837,34.55938200249265,36.0784838842775,36.662136854329674,35.34803165330139,34.370613448420166,32.86568786120992,33.60695884330877,33.730068769877775,34.64798384358397,35.81566284407185,35.95966415211923,35.13557376487396,34.165616767663586,31.210605469623836,32.20164037850436,32.10035448437258,1.9569662136025727,2.1279761004261672,2.1104985230602322
1.9760853313840925,2.2139799433760343,2.184078158158809,2.2702751235105096,2.443344982620329,2.4949086639098823,2.397092167381197,2.2940291789360345,1.995526319835335,2.2419183175079525,2.2504478902556,2.328887772466987,2.497773312870413,2.5504635415039956,2.428152687009424,2.321034128125757,2.1022264468483627,2.3343595738522707,2.378648978006095,2.483932874072343,2.6456085114739833,2.6828167608939113,2.550881973374635,2.437068504560739,2.490177165064961,2.3905581927858295,2.5076547424308955,2.7469012112356723,2.860521557647735,2.728264899458736,2.5415155368857087,2.5382324560545384,2.47875075628981,2.6240753636695446,2.908609035704285,3.0554142481647433,2.8001386200077834,2.618603562284261,2.473729573842138,2.449299590010196,2.587897100392729,2.8484835946001112,2.9498084814287724,2.7261727401055396,2.558188437577337,2.2847593036480247,2.419623114261776,2.4424437447451055,2.601576603855938,2.802874520700425,2.828720735479146,2.6882885622791948,2.521817051898688,31.321404403535944,32.700049050917066,32.5267625027616,33.02629035632494,34.029263197478826,34.328084564696326,33.761219311903574,33.163949637852106,31.434068639365762,32.86195725737449,32.91138775819387,33.36596183554035,34.34468575176396,34.65003567569346,33.9412209469628,33.32044846874817,32.05241622508738,33.39767196814145,33.65433751201866,34.26447776930234,35.201418922569204,35.41704782425674,34.652460568186484,33.99288981008343,34.300664626505956,33.723353682974015,34.401950520637726,35.78842943607325,36.446881013025674,35.68042845503771,34.59818028238106,34.57915420282039,34.234446408427175,35.076630224274254,36.725557119531885,37.57632132420045,36.09695037326286,35.04492009167315,34.205347698510856,34.0637712829565,34.866970288723394,36.37711872130323,36.96431576499906,35.66830399257258,34.694802921718555,33.110228942621994,33.89179044614343,34.024040352109225,34.946245620226165,36.11280543956341,36.262589183555704,35.44875795685785,34.48402380501707,31.436680062050563,32.416523159424806,32.314304614334176,1.9959769387729467,2.1650556015782056,2.14741708887741
2.0090448879636824,2.2571749872528017,2.226597273629159,2.3135023544542492,2.487956257443875,2.5395843128673734,2.4438277886249127,2.341183232050389,2.030803345236927,2.286078973393887,2.2951235392130913,2.374400285165757,2.543929566908628,2.596812917944044,2.4759504814632236,2.3697009733878076,2.1388231419958172,2.3794858417473734,2.4253202251158656,2.5307650565169753,2.6925372551195323,2.730904238950461,2.6007075530476866,2.4887287470512094,2.5367196639068426,2.436843195091933,2.5545512990094723,2.794570257421583,2.907224991824478,2.777317989524454,2.5927251604385675,2.584614019561559,2.523458592314273,2.6700384953059255,2.954443419072777,3.100443954858929,2.849352645408362,2.6681394583545623,2.520304259750992,2.4949086639098823,2.6345361604355277,2.8960560795851054,2.9960612966679037,2.776062693912536,2.6083358879201115,2.324445957224816,2.4650068786926567,2.488825308252126,2.649438772443682,2.8502538832835853,2.8770978971384467,2.7381141419522463,2.5718035669066013,31.512411319909678,32.950372568274055,32.77316888609139,33.2768004038737,34.28779404327374,34.586988470874786,34.03206115035539,33.43721636879695,31.638505729547028,33.11787668048461,33.17029166437233,33.62971552670486,34.6121700467639,34.918639151844026,34.21821828174308,33.602482118706256,32.264501053131255,33.65918729700471,33.924806290086934,34.53587919832947,35.47337994217165,35.69572393076295,34.941209305048346,34.29227076787625,34.57038728380715,33.991584098741036,34.67372501004841,36.06468065008643,36.71753632128572,35.96470046729706,34.89494981748908,34.84794420916273,34.493536844797404,35.34299533812356,36.99117611261411,37.83727706248839,36.38215503648106,35.33199005680906,34.47525688600382,34.328084564696326,35.1372525365999,36.65281034474111,37.23235965057431,35.957425789817975,34.98541696049813,33.34022066907592,34.15479801654086,34.29283035845157,35.22361601538998,36.387377881850654,36.54294406178786,35.7375066937197,34.77370519283778,31.634029004944516,32.60025539831946,32.498782973995915,2.030030855629593,2.1967598625458775,2.1792500981129708
2.0442897262983024,2.298277871776372,2.2677323452197014,2.3552167932502925,2.5306684953160583,2.582071241270751,2.4882459410466256,2.386084190476686,2.0633766570128502,2.3282762181945147,2.3377070288173853,2.4169837747700513,2.5869314883835615,2.640265458356589,2.521334245894104,2.415181299019605,2.1737782967276873,2.4217152736149727,2.469287758599967,2.574056661594659,2.736923220474273,2.77483958536759,2.645672885607928,2.534144698549062,2.5789169087074697,2.47904043989256,2.5973279110156,2.8364778186194597,2.9493256754241886,2.8208670911379157,2.6384307955391706,2.6262640842236578,2.564593663904816,2.712010430637747,2.995642864797264,3.1409352851100265,2.8930626823566854,2.7134588486514986,2.562244008015841,2.5370737216435373,2.6770874629728496,2.938060201983899,3.0375504259951414,2.8197727308608593,2.654331206623465,2.3594976731576027,2.5076225553639233,2.5320203521288933,2.692472880985588,2.8943179779686035,2.92109761768952,2.784141647722572,2.6194404260255397,31.71666187989917,33.188571623165906,33.01155447117502,33.51854353240921,34.535319607754154,34.8332083240128,34.289472814999684,33.69742598631781,31.82727428361951,33.362417761896694,33.41707110808566,33.87649497041819,34.86137438297026,35.17045491073518,34.4812258521405,33.866049279679004,32.46707284139481,33.903914908608556,34.17960653204643,34.78676230626177,35.73060507662417,35.95033764253067,35.20179198295274,34.55546486846545,34.814928365219224,34.23612518015311,34.921623634912365,36.30754295977257,36.96151781212249,36.217075816763526,35.159822689804216,35.0893142773147,34.731922429881024,35.58623070819324,37.22993475808128,38.071932043736595,36.63546303690639,35.594624566822944,34.71830572588173,34.57243911591663,35.38384545012146,36.89623224500256,37.47279706776742,36.2107337902433,35.25196860453921,33.54335204791478,34.40176399044596,34.54315387580855,35.47300688178811,36.64273771438546,36.79793083393912,36.00424486795256,35.0497698766592,31.81272492866135,32.7750341880091,32.67206952215139,2.060866065789014,2.2269191442988814,2.209151883330196
2.0813048533163965,2.3437581974081696,2.3142104699276387,2.4007936800830065,2.576084446813911,2.627519379835576,2.5359793613664805,2.4347510357387363,2.1016792667098345,2.375044026505202,2.3836701604537667,2.4642343890853224,2.6331521165557206,2.6865182735957207,2.5708057678304614,2.4645884468220176,2.2119843452237546,2.469416506867856,2.516152128111571,2.621886643115431,2.7839163382537664,2.822379883285612,2.696431890223175,2.584324335958809,2.6263606454245747,2.5260335576720534,2.645930382143706,2.8822800149209797,2.9955141165293755,2.870274238940328,2.6886748070828617,2.6723881511949004,2.610782105010003,2.7585207424126565,3.0399644560180605,3.1843878255225717,2.9416973405517637,2.7637994213961066,2.609784305933863,2.5839380911551415,2.7256577470339836,2.9838623982854187,3.084125111903995,2.870885793212801,2.705444268975407,2.4013730472885073,2.5556134722195565,2.5818137447349727,2.7422984606586396,2.9421479594893754,2.969764462951571,2.8356731419451533,2.672227215860039,31.93117160043608,33.452138784138654,33.28090406809267,33.78267028395726,34.79851370834336,35.09658895479377,34.56609708939641,33.979459636275905,32.04924521182727,33.63344613054028,33.68343622193497,34.15032129193835,35.12923173835374,35.438498796310434,34.76792275689287,34.152373124047834,32.688484179027256,34.18035265281352,34.45119449126533,35.06394617123381,36.002939156610154,36.22584273577677,35.49595009537597,34.84626543743679,35.089873867890006,34.5084592601391,35.203284224486914,36.57297542266302,37.229188637314195,36.503399661132356,35.4509963191591,35.35661204212286,34.99959325507274,35.85576683530266,37.48678683215026,38.32374780262774,36.917310156672706,35.88635778675314,34.99381081912783,34.844027075135536,35.66531950950424,37.16166470789301,37.74270625526037,36.50694373477601,35.548178549071906,33.78602782740914,34.679880506376854,34.831716082478636,35.761755618649964,36.919921579357506,37.079964483897214,36.30287970497829,35.355679391164,32.02387710574638,32.970144768601806,32.87053764619597,2.0973018256016074,2.2605868163518608,2.243398922588676
2.121635248232633,2.390912250522524,2.361428897175938,2.4488167840056123,2.6202772897668183,2.672838770132512,2.5880258486606182,2.486572213564068,2.141301546152681,2.4222946408204735,2.431757638510317,2.5119356223382057,2.6775702689774334,2.732771088834852,2.6233028740622104,2.5185983452014624,2.2528297332115472,2.516763682384044,2.5645614768378437,2.6701028694398703,2.8284310518763958,2.870370800141245,2.7503452274017035,2.6395573428831995,2.6654035576619206,2.5670720680616794,2.6863573382608594,2.9134692828170956,3.0251262181438507,2.913050850946456,2.7364726015366614,2.7127185461111365,2.6511768740601838,2.7976280287839472,3.064426626916975,3.210974342841655,2.987563910987228,2.811854712385684,2.658740834798664,2.6351477147080002,2.775933945644647,3.0267677585594357,3.1350128647871314,2.929176571499556,2.7642822274006904,2.4455980773083867,2.6071127793751656,2.6350511535070837,2.7942805738188325,2.9917804167605935,3.022776562254876,2.89740793639794,2.731773289758712,32.16489393072543,33.725405515083494,33.55454385942105,34.06097333007993,35.05461966164525,35.35922346480766,34.867716409490484,34.27977324502758,32.27886387789764,33.90727245206044,33.96211232844118,34.4267590361433,35.38664340299803,35.70654268188568,35.07215349967174,34.465370785839944,32.92519099238494,34.454738564908986,34.731735899689255,35.34336839850711,36.26091041182976,36.50395925170767,35.80838816659277,35.166351246516214,35.3161349905085,34.74628525464741,35.437566145351575,36.75372317848934,37.40079641374372,36.75129828599631,35.72799365393937,35.59033437241221,35.23368864574562,36.0824010183047,37.62854977789639,38.47782174103078,37.1831156799467,36.16484736306758,35.27752324081186,35.140796610243555,35.95667966905089,37.41030945352405,38.03761048845068,36.844749912073695,35.889155739629715,34.04232031090281,34.978328813210815,35.14023701966824,36.063001878360495,37.20755113506873,37.38717970974442,36.660644612795494,35.70076024594077,32.192686929299335,33.131679914675686,33.08094370251391,2.126431121211499,2.288460816349834,2.2797059341333807
2.1618690819479527,2.4362960149534048,2.4095807493664325,2.4956489664502444,2.6616054837591947,2.718673153501004,2.6429369849152864,2.54495955305174,2.1817285022698343,2.4691590103320777,2.480392296705395,2.5597977909259497,2.720797499921173,2.7798929548822344,2.6812074075452985,2.5786594121716915,2.2940613660030067,2.5649155345745385,2.6131317608989777,2.7170959872193636,2.8725595206953587,2.918426091130823,2.8098591142334044,2.7012599502690136,2.6988459202460944,2.6036043890751897,2.720700938720256,2.9364186615683137,3.0472387331537902,2.9513856477104126,2.782982913311571,2.7454206061549487,2.6867435830645263,2.8291069802828135,3.0814535853452982,3.229127848614007,3.030887703131884,2.8601674999110402,2.7037705414928497,2.6817545876838267,2.820545220468193,3.0630425830371677,3.1798494490794837,2.988819206599146,2.8239892366342247,2.4875056385062635,2.6562946177087725,2.68593890639022,2.842528987210244,3.0385804121382534,3.075498977955431,2.9620395668782296,2.795857740100473,32.39805667043946,33.98841308548093,33.83359302631081,34.33237475910707,35.2941244278795,35.62484245788988,35.185936916652196,34.618139012900585,32.5131457987623,34.178860411279345,34.243959448207505,34.704129431307116,35.63715345054679,35.97962288263875,35.40772131466818,34.81343612368505,33.16413616804388,34.73378773179874,35.013209959072036,35.61570247849309,36.516643304748115,36.78244882802211,36.15328249117776,35.52392962414165,35.50993985975881,34.95799702230775,35.63659385997147,36.88671920522222,37.52894265549055,36.97345574439584,35.9975297810488,35.77984904725177,35.43980450765283,36.26482754585696,37.727224249343365,38.58302476918975,37.434185318070774,36.44482918091619,35.53847897909981,35.41089232792829,36.21521051484581,37.620528979650224,38.297447045588,37.190390357425784,36.235169245365334,34.28518262058894,35.26334694623725,35.43514125285855,36.34261063582556,37.478766033904094,37.69271616386569,37.035197237872126,36.07214185775729,32.34545515635997,33.26859307543577,33.282209779435064,2.1527923290617763,2.31208612350747,2.3144357793964447
2.2067056662403046,2.487730947975069,2.462882532272488,2.548628878686577,2.7141991511918606,2.773198044952005,2.703287735488266,2.608529010321945,2.2275628856383265,2.5221389225684105,2.5355609294958414,2.6140651858411728,2.774292405229062,2.836220322083682,2.743618130404502,2.643226668518037,2.3399923105724154,2.6181529433466495,2.667946335952729,2.7714921304024758,2.9278247146867216,2.976845617685467,2.874909176584333,2.7676940564997494,2.740946603845805,2.6504043844528495,2.7655697100795806,2.9781331003643574,3.0896934744901956,3.000631860177964,2.8389562227763236,2.7914159248583017,2.7353460541926324,2.8767116523347793,3.1254211188293994,3.273674749303609,3.085348220448941,2.9197457608766855,2.7532098763622344,2.734058571513742,2.8721732758916914,3.11244973083958,3.2327328001149,3.049363079573959,2.8873977585695685,2.5349171881563963,2.7103045160882173,2.742008777055889,2.8978585553355516,3.092912181187421,3.134336936380714,3.0257377724163232,2.8631608971394598,32.65789322757677,34.28648833193134,34.14248702388396,34.6394034547625,35.59891476123369,35.94082460275034,35.53568102622324,34.98653614164875,32.77876479184452,34.48588910693478,34.56367219690338,35.0186193346334,35.94716662927056,36.306050718238396,35.76940335651258,35.18761568837813,33.43031475170142,35.04230866898835,35.330870875658434,35.93093850258647,36.83691564401931,37.12100112608688,36.53026000874741,35.908927939957465,35.753921350595576,35.22921192114312,35.89661694730056,37.12846233375774,37.7749759784368,37.258846937805814,36.321905784538956,36.04640069129285,35.72146509722738,36.5407056994866,37.98202449130286,38.841182554601126,37.749794402547685,36.79009656588473,35.82498935366041,35.71400388955653,36.51440494244686,37.906852824019055,38.60391615066813,37.54125364814745,36.60263372315465,34.55994159306796,35.576344608029366,35.76007684692402,36.6632560354803,37.79362899761392,38.03369335442349,37.40434048738737,36.46217648875091,32.54373675021279,33.47377628638411,33.50940355301242,2.1870071812532843,2.347491897176951,2.353639626968652
2.2535056616179645,2.54167647222057,2.518308661598712,2.603507827874273,2.7695930934511126,2.828302303608507,2.7630913059227167,2.670231617707759,2.273461643140763,2.574571654666215,2.589023647736758,2.668171645421535,2.828688548412174,2.8909383359365166,2.801876721624285,2.704575218167156,2.384989830199629,2.6701028694398703,2.7215378024615346,2.8244720426388086,2.9809333751909435,3.0310164513997733,2.9318480980582535,2.8279804329387845,2.7859441234730182,2.6968181350268425,2.8121765830554066,3.0246112250722943,3.1346588070504366,3.04894464770332,2.891646451409906,2.836091573815793,2.781502308230847,2.9222885391674938,3.1706117608584465,3.3183182111941276,3.134916303586215,2.973047543782741,2.798110834788531,2.78011826435104,2.917653601523489,3.1583806754089894,3.2784706222824753,3.099220846313983,2.941439844015986,2.5758913244120776,2.756943576131016,2.78938813963905,2.944883860182017,3.141482465248555,3.183003781642765,3.076786460634321,2.9172351696528493,32.92910812641213,34.59911293333992,34.463692014114,34.957437431732444,35.91993322127196,36.26016429106268,35.88225412253418,35.344114519274186,33.044756845310296,34.78974678933011,34.87349884543539,35.33217658700083,36.262402653363935,36.62315204424948,36.1070230036185,35.54314223389409,33.69108395979759,35.34336839850711,35.64144364495752,36.237967198241904,37.14469046044183,37.43493143883785,36.86023191799071,36.25829898914497,36.01469055869174,35.49818845767722,36.1667126649853,37.39781193067538,38.0355586563412,37.53882875565443,36.627255708468454,36.30530459747132,35.98894939222731,36.804832451034656,38.24391288054966,39.09989993058781,38.037050897875375,37.098990563457875,36.08519897118127,35.980928593981155,36.7779721034196,38.173031407676596,38.868975553175034,37.83018891520108,36.91581791513853,34.79739452719273,35.84662685590587,36.034649289211266,36.93577664565805,38.0751030569967,38.315727004381586,37.70017737153654,36.775547210926575,32.75134485365415,33.669632987743896,33.70992350916649,2.2228313867934046,2.3812883174978197,2.388240723963827
2.2835683821700514,2.576824749354273,2.5533281904645264,2.6395573428831995,2.8063829110004006,2.8658646107651293,2.8013295414857566,2.710722947958857,2.304650911036879,2.610428047273308,2.625266285147518,2.7051223983056842,2.866830222774297,2.9298203128390012,2.8424646130762996,2.7459355992265047,2.4175631419755517,2.7075042412616313,2.7585207424126565,2.863193084206432,3.020137222763151,3.0709284144453703,2.9741419040597976,2.8712720380164685,2.822894876357168,2.733414830174297,2.8489985876716672,3.0606929271481933,3.171931430604309,3.088727862481028,2.9331355807371438,2.873267636168748,2.818839305918664,2.9601727169938385,3.2085603128187357,3.3565564467571676,3.175987001042813,3.016500084195286,2.8376365530304613,2.818774931784719,2.9579196223057806,3.198035141918808,3.3176744698546825,3.1425446384586393,2.987435162719339,2.613228322099894,2.798497079592198,2.8311669525690375,2.9879501557908954,3.184420012589544,3.2272931857965887,3.1231036500073968,2.965676705446094,33.10332732552646,34.80280390275409,34.666636862761095,35.166351246516214,36.133137230466474,36.4778450248597,36.10385199035839,35.57876950052239,33.22550460113661,34.99754142296325,35.08353184136979,35.546313247154195,36.483440930612836,36.848480515909124,36.34223757544201,35.78283353032011,33.87985251387007,35.56011648134527,35.85576683530266,36.46236301894268,37.371884234019184,37.66622887663418,37.105332589978104,36.509182097077264,36.22882721884511,35.71027328572111,36.38010320437158,37.60691227565093,38.251560618412284,37.76938007268366,36.86769312566156,36.52074696896708,36.20532441468194,37.024378486749384,38.46383197664794,39.321497798412025,38.27506342257546,37.35080632234903,36.314258046676336,36.204951354298395,37.0113213733254,38.402836603938745,39.09616932675239,38.081258553325156,37.18236955917962,35.01376954964735,36.08743733348253,36.276765478130315,37.18535404224796,38.32393433281952,38.57239254825879,37.96859431749533,37.056275149542266,32.917356724330546,33.84217341513228,33.886940661157375,2.251477876398712,2.411061354447156,2.4187862505204976
2.32422064775601,2.622626945655793,2.599935063440353,2.686453899461776,2.8525713521055875,2.911892116535455,2.8496423290111124,2.75971166389063,2.343468513805419,2.6562624306418003,2.671004107315093,2.751761458348483,2.9121818001382054,2.9747856453992427,2.890616465266794,2.7950530634261668,2.4552541974000635,2.7508602204732595,2.8025526500307025,2.907482488360256,3.0633966407738624,3.114574077259749,3.0207487770356236,2.918072033394128,2.862549342866987,2.7727474260143934,2.8891036731190978,3.100250832457095,3.2103949756361545,3.129701998736709,2.976201876346022,2.9109908786602317,2.8571741026826203,2.9994087516330183,3.2456398139707745,3.3935071996413173,3.2159633382223545,3.058407645393163,2.8754563567228617,2.8571741026826203,2.995610677730292,3.2350502689369023,3.355623021814972,3.1824566015042364,3.0289886661805214,2.6467350588180123,2.8360593867488206,2.8705961096100507,3.0266390102915466,3.222046693880111,3.2659176661632956,3.1643352827988567,3.0092258070595563,33.338914957733515,35.06823636564455,34.936732580445835,35.43812573592689,36.40080805565818,36.744583199092546,36.383833808207,35.8626684523982,33.450460012412705,35.26316041604548,35.3485912438767,35.816595495030704,36.746261970818495,37.109063193813526,36.621286742331776,36.06747860296301,34.09827936843418,35.81137264966111,36.1109401376457,36.719028562819894,37.622580811759704,37.919163816675955,37.37542830766283,36.780396995912625,36.45863241510726,35.938213180065546,36.61251982331852,37.83615788133776,38.4744641975789,38.006833006808435,37.11727052225146,36.73936035372296,36.42748187308147,37.25175879051851,38.678714757568386,39.5356344585654,38.506733920755316,37.59366863203517,36.53343102200752,36.42748187308147,37.22974822788951,38.617346324475655,39.31608842285067,38.31255599112147,37.42318003675627,35.207947479281195,36.305118067279544,36.50526496305007,37.409563332756974,38.54198812700008,38.79622877838426,38.20753949315427,37.308650499008735,33.10873670108783,34.01807138597255,34.05108722991606,2.284501807112247,2.4414137586019935,2.4471108694560826
2.361267961841077,2.6649529387243094,2.6433232297189533,2.729906439874321,2.8953801511786876,2.9555377793498336,2.8958307701162993,2.8071232135407627,2.3811273821629584,2.6995862227864564,2.7151003890670835,2.7960508625023066,2.9568896361626686,3.0195578555576503,2.937319899443537,2.8445567724294962,2.493492432963103,2.7950530634261668,2.847163924854249,2.952319072652608,3.108490721601993,3.1596681580878796,3.0680315784178673,2.9678654260002078,2.9053903290070595,2.8156849733553826,2.9323952781967817,3.1423193289898337,3.252881904039532,3.1745385830290616,3.0237743613310157,2.9549262250773607,2.9012060103006663,3.042571608442813,3.2877726846374573,3.4349641419015824,3.2617333474569024,3.107203238923103,2.920679185818881,2.9029762989841403,3.0413484998978673,3.2792431118898095,3.399526181165129,3.2305440795607865,3.0791361165232956,2.687709195073694,2.8834065622650087,2.9180076592601836,3.0733746315352617,3.2683316961862148,3.3125245391391216,3.2131630633957684,3.0606285530142485,33.5536112084622,35.31352356782371,35.188175278953445,35.689941494818044,36.64889321071391,36.99751813913433,36.65150463339871,36.13742742487722,33.668700336785044,35.514230054169545,35.604137606603274,36.07326103890791,37.005352407188724,37.3685266905673,36.89194205059182,36.35436203790715,34.31987723625839,36.06747860296301,36.36947098344062,36.978865119957206,37.883909610431196,38.18049261534745,37.64944115937476,37.06895920258271,36.70690410035476,36.187044455888355,36.86340293125082,38.07995284198275,38.72068405071691,38.266669563945754,37.392962145689324,36.993974065490676,36.6826551754245,37.50189577768373,38.92288277859692,39.775885345566735,38.771979853454,37.876448402760346,36.795505941446095,36.69291433597192,37.49480763039642,38.873452277777545,39.57051560442662,38.59123209762768,37.71379407553584,35.44540041340596,36.57950397937502,36.78002393552909,37.68040517120879,38.8102185427671,39.066324496068994,38.490505794071225,37.60653921526738,33.304779932639384,34.20087097390835,34.2504880049195,2.3183304145000876,2.472957084234804,2.481518844049424
2.4008580542169513,2.710980444494635,2.6898013544268906,2.776448938716203,2.9416329664178194,3.001372162718326,2.9424054560251536,2.855500375200063,2.4195265530608596,2.7451952966861426,2.7613210172392426,2.84204618120566,3.0018227816559375,3.065005994122475,2.9849889456294476,2.893255804758519,2.531151301320642,2.8393424675799905,2.8926120634190737,2.997477527614683,3.1524582550860942,3.204665677715093,3.1144775160588325,3.015952904056758,2.948392250481993,2.859362823236734,2.9762662504799664,3.1850959409959616,3.2944997816346584,3.2182164329104124,3.070831853244454,2.9971878440119326,2.9433710680343212,3.0849297885783016,3.329068691562861,3.4754876592196524,3.3051537008024754,3.1531019964255393,2.963359236624092,2.9455919756554065,3.0845435437746347,3.321536917891353,3.4404037562198937,3.27454380011186,3.1253889317624273,2.7261083659715952,2.9270844121463595,2.9623936246149243,3.1184043382294475,3.3116233012638987,3.3564276984892785,3.258160583022982,3.1080722897313535,33.783043344340804,35.580261742056564,35.457524875871094,35.95966415211923,36.91693709628916,37.263137132216556,36.92141382089167,36.41778230310936,33.89123085556812,35.778543335909376,35.87199496198676,36.33981268294899,37.26574855490135,37.631907321348265,37.168193264605,36.636582218057015,34.538117560630724,36.32414414684021,36.632851614221586,37.24056697901224,38.13870985239069,38.44126182344362,37.91860422610064,37.34763530908892,36.956108436561124,36.44016592612191,37.117643582635,38.32785146684671,38.96186758867711,38.519791034179306,37.66566928605886,37.238888207286294,36.92700972664481,37.747369510054654,39.16220101463941,40.01072685700671,39.023609082153385,38.14244045622611,37.04284497573474,36.939880309877026,37.745131147753405,39.11855294976493,39.80740894797607,38.84621886977895,37.98183796111109,35.66793093218904,36.83262544960857,37.037249069981605,37.94136090949674,39.0611016506994,39.32075167764495,38.75127500216739,37.881484717938164,33.49989051323209,34.387960756254884,34.44410634397803,2.351998086553067,2.5052407124079763,2.514929019566625
2.4424759318120777,2.7580379364080727,2.7375025876797734,2.8243754814378916,2.9891410772688687,3.0483974675647914,2.990943553019315,2.9053903290070595,2.4621744167990984,2.792928717005998,2.8088613151572646,2.8901658463291824,3.049427453707904,3.112546292040497,3.0334626684896646,2.9425342042930422,2.572801365982741,2.8866896430961786,2.9392511234618723,3.0439878393895925,3.197970767784864,3.250628809351474,3.162500619981438,3.0638794467784463,2.9937438278459014,2.904843148868531,3.0213925183750687,3.2287737908773124,3.3385316892527044,3.2634392620064316,3.1178571580909193,3.0422175507061184,2.9884007747285066,3.130377927143127,3.371845303568989,3.5171699109487236,3.3506662135012446,3.200384797807783,3.0075842666439714,2.9907504306174815,3.1289938832633197,3.363766349758953,3.4813778924755754,3.3190263266675175,3.171706121135503,2.7661812643520536,2.9716956869699063,3.0076164537109435,3.163112174253911,3.355204589944333,3.3993330587632955,3.303029354382306,3.1552907169796525,34.024226882301,35.8529688824261,35.73396262007605,36.23740760766658,37.19225565934349,37.53565774239432,37.20270135008268,36.70690410035476,34.13838335966499,36.0551676103061,36.147500055232854,36.61867531964697,37.541626708531,37.907412414594376,37.44910773341247,36.922159941658755,34.77948762878269,36.59853005893568,36.90313386209809,37.51010310612166,38.4024635435552,38.70762693729293,38.196907272223314,37.62537876463628,37.218929476766775,36.70373308709465,37.37915891149826,38.58097293708026,39.21704089102015,38.781865953617874,37.93818989623662,37.49984394557424,37.18796546493275,38.010750140835626,39.41009963950336,40.252283455350444,39.287362773317895,38.41645330793804,37.299137459228405,37.20158216893205,38.00272934258946,39.36328056136878,40.04486188210085,39.104003594806784,38.25025490706988,35.90016102094421,37.09115629540349,37.299323989420174,38.200451345866966,39.313663530357644,39.56939642327599,39.01129808949648,38.15512450926656,33.71365411300191,34.59687457103866,34.64443976994032,2.388884465303272,2.5412902274169027,2.549497929494828
2.483417881000787,2.80351826203987,2.783530093450099,2.870306426007301,3.033237359020859,3.092236252781004,3.0358445114456116,2.9514822089113295,2.5013782643713056,2.838119359035045,2.854245079588145,2.9348736823536457,3.0932018647901716,3.1561275807209315,3.078846432920545,2.9890123290009796,2.6112649110145867,2.930882486049086,2.9837014629505574,3.0873116315342486,3.2408439409919083,3.293308860156685,3.2063072181306778,3.1097138301469385,3.0362951303832233,2.94778069620952,3.0641691303811966,3.270649165008217,3.378636774700135,3.3053146361373367,3.1626937423832713,3.084221673104912,3.030598019529134,3.172542984876782,3.412497569154948,3.5562771973200142,3.391479414422065,3.2439338994212448,3.049491827841848,3.0330120495520534,3.1714808116666973,3.4046117377467455,3.522384215798229,3.3616741904057563,3.2161564606241884,2.804934492986649,3.016628832463175,3.051777109596878,3.2067256500013173,3.3974340218119323,3.4425602897070346,3.347061262000352,3.2016722804866733,34.261493286234,36.11653604339884,36.0007007943089,36.50358619132413,37.44780202207007,37.78971186358673,37.462910967603534,36.974015334971156,34.36557713324234,36.317055999552906,36.41050762563029,36.877765756017205,37.795307769339864,38.159974294252606,37.712115303809895,37.191509538576405,35.0023912079493,36.85463601223758,37.16073205693415,37.76117274424573,38.65092175899447,38.95496597158157,38.45077486322395,37.8909977577185,37.46552239028834,36.95256436291747,37.627057536362216,38.823648716574624,39.44945750996709,39.024541733112244,38.19802645337394,37.743265845835694,37.43250654634483,38.25510469205594,39.64568727171042,40.478917638352485,39.52388305648381,38.66882865740451,37.541999768914536,37.446496310727674,38.248949195727484,39.59998737472647,40.282501346417384,39.35115609890366,38.507853101905944,36.12474337183677,37.35155244311612,37.555243412530295,38.45319975571698,39.558391141961486,39.81990647082475,39.26647139183952,38.42391451560889,33.916972022032546,34.79385045354908,34.83488709573874,2.4239683683030306,2.5752797701396046,2.582360924873501
2.521334245894104,2.8470029895193876,2.826950446795672,2.9132117862813174,3.0752414814196527,3.134980677720159,3.079297051858157,2.9959325484000146,2.538779636193067,2.8805097262375057,2.897665432933718,2.9785515322349965,3.1353669225238265,3.197262652311474,3.1214299225248396,3.033784539159387,2.6477328578941526,2.9725003636442127,3.0252549664117394,3.1292191927321253,3.2819468255154787,3.3341220610775055,3.2484722758643327,3.1532629317604006,3.077655511442572,2.9884973359294236,3.1044995252974332,3.309885199647397,3.4177440610714256,3.3459669017232954,3.2046334906481206,3.124873938690871,3.0707031049765647,3.211585897114128,3.4494161349721253,3.593131389003247,3.430618887860328,3.2850689710117877,3.0894359779544174,3.0725699548609553,3.211231839377433,3.441852174233645,3.5582406084053217,3.4003952319733797,3.2570018486119805,2.8403402666561304,3.055736118834466,3.092622497584671,3.2456398139707745,3.4346100841648877,3.480347906332463,3.386071987170726,3.2427751650102437,34.4812258521405,36.36853833248176,36.252330023008284,36.75223093695517,37.69122392233152,38.03742395825891,37.71472672649469,37.23161352980722,34.582325216080505,36.56271626211561,36.662136854329674,37.130887226250756,38.03966232056017,38.39835987933623,37.95889474752323,37.45097303533018,35.213729915226104,37.095819550197774,37.40154253451081,38.004035053931865,38.88912081388633,39.19148625474749,38.69512941444425,38.14337310718497,37.70521368671436,37.188525055508066,37.86077986665157,39.05102902034375,39.67609169296913,39.2601293653193,38.44107529325184,37.97885347804275,37.66492316529178,38.48136581467443,39.85963740167202,40.692494707930535,39.750703769677614,38.90721424248814,37.773483736902634,37.67574191641451,38.479313982564946,39.815802806605774,40.49029598005053,39.575551919604436,38.74455991526363,36.32992658278512,37.57818662611815,37.79195022588798,38.678714757568386,39.77383351345725,40.03889291596416,39.49254598426624,38.66211357050075,34.111896072433474,34.96993495458111,35.018992395016944,2.457603853289038,2.605664361361414,2.6141295599751175
2.555903155822307,2.8868183913640677,2.86744177704677,2.95305937519297,3.1137050264514983,3.1731545391492544,3.118565273564309,3.03610200798139,2.572769178915769,2.920711372885853,2.9370624029077588,3.017497883271426,3.1734120356850326,3.235887132678181,3.1618568786419927,3.074275869410485,2.6812395946122707,3.0109639086760582,3.0636219502426685,3.16681368695572,3.318092901725322,3.3710406268946826,3.2866139502264557,3.1924345922656356,3.113801587652415,3.0252549664117394,3.141096220444888,3.3442288001067935,3.4524095322005453,3.3818554813973605,3.2420992366038264,3.1605693959631025,3.106141065713018,3.2471847931854425,3.4838241095654667,3.6255437654443083,3.4663465321995317,3.3221806592307983,3.1266120403073727,3.1095850818790494,3.2475388509221377,3.477676379773766,3.593002640735358,3.4367666176520286,3.296076947916299,2.8736860680393876,3.094424973335117,3.1306354236789047,3.284232107270509,3.4710780310444536,3.5164939825423063,3.4241814744658767,3.2823974444530903,34.681559278102796,36.59927617970277,36.48698500425649,36.98315531436795,37.91412750149813,38.25864876569959,37.94229356045559,37.464403209137714,34.77930109859092,36.795692471637864,36.89044980905764,37.35658875829394,38.260141007233756,38.622196109461704,38.19317666838789,37.685628016578384,35.40790784485995,37.318723129364386,37.62388652310211,38.22190231792065,39.09859421924541,39.40543638470908,38.91616769169316,38.37038035057055,37.91468709207345,37.40154253451081,38.07286469469545,39.25005673496365,39.87698470950674,39.46811052914421,38.65819643647355,38.185715460717034,37.8702929064319,38.68766820677341,40.05903817667546,40.88033061104416,39.95775228254368,39.12228355360036,37.988926108398395,37.89025163695142,38.68972003888289,40.02341091004715,40.69174858716345,39.786331036305924,38.9710075680739,36.523171861460106,37.80239591662717,38.0122423823698,38.90236445750209,39.98517222073405,40.248366321323246,39.71339773132337,38.89173223657113,34.28443649982186,35.13091051007968,35.18407161473448,2.4873768902383744,2.633441800158471,2.642615114245564
2.5899892597459258,2.923994453717023,2.905100645404309,2.991201049555093,3.1502695345319807,3.2097512342967094,3.1554516523145137,3.0738574375398455,2.605760922562331,2.957951809372753,2.9739165945909916,3.05451301028952,3.208463751617819,3.270713539142162,3.1974235876463353,3.1107116292230783,2.712557610776275,3.047206546086818,3.0999289617873726,3.2028310148976744,3.3527583728544412,3.405448601488024,3.3224059686996044,3.2284197331406177,3.1490142389200626,3.060821675416082,3.1768882389180364,3.378025220427662,3.485111592244357,3.4160703335888685,3.2785028093494475,3.1951704929582774,3.1410640333779156,3.2820111996494234,3.5161399248056115,3.657698645349592,3.5004004490561784,3.3569426915608345,3.1605372088961303,3.1440896176733077,3.28181807724759,3.508672525268048,3.6236769155599178,3.470112419035286,3.3297446199692784,2.9043925299309192,3.128157019522041,3.1658480749465525,3.3178032181225716,3.503586968686432,3.54922822965309,3.457173218112439,3.31706291558221,34.879094751188525,36.81471855119853,36.70522532862883,37.20419359161685,38.126025799350245,38.470733593743475,38.156057160225416,37.68320312408535,34.97049454515643,37.01150790351717,37.1040268786357,37.57109847883085,38.46327238607262,38.824021776958176,38.39929253029509,37.89678019366341,35.58940172145335,37.528756125298784,37.83429257942005,38.43062960251265,39.29948723578302,39.60483715971252,39.123589264942765,38.57892110497078,38.11875112187117,37.60765839641801,38.28028626794505,39.44591343632344,40.0664993843463,39.666392122997024,38.86916208336681,38.3862354168711,38.07267816450367,38.889493874269874,40.246314489213766,41.066674272623615,40.15510122543763,39.32373616071328,38.185528930525265,38.09021200253017,38.888374693119246,40.20303948472284,40.86951185992143,39.97957631498092,39.1661181486666,36.701121664409854,37.99787955760341,38.21630641216752,39.09691544751948,40.17356771442299,40.43806752635459,39.904591177888875,39.092625253108736,34.45156755164888,35.29375136749596,35.341130036205854,2.5162165022455154,2.66154110962525,2.669716624636203
2.6199554190970957,2.957436816301197,2.9386717562563716,3.024933095742017,3.183003781642765,3.241712991800159,3.188185899425298,3.1070744906552137,2.63585583018139,2.9907182435505093,3.0080348855815826,3.088116308208555,3.2411014375276865,3.3030615414492788,3.2301578347571196,3.1445724236778916,2.741558158118278,3.0789751811884343,3.1317297839559615,3.234149031061679,3.382821093406528,3.435511322040111,3.3528871211223303,3.2601561811752617,3.179463204275817,3.0917856338433922,3.206950959470123,3.406446400564164,3.513564959447831,3.4449421326629817,3.3080505368299784,3.224074479099363,3.1705473867245018,3.3108829987235366,3.543273622263223,3.683383924793452,3.527920391317457,3.3865869802422823,3.189795252773911,3.173669532220811,3.310915185790509,3.536610899399966,3.650166871678084,3.4987589086405935,3.361255758535117,2.931558414455503,3.159732532221824,3.1964257885701954,3.3484453058801593,3.5329093866981567,3.5785828347317876,3.487879680003971,3.348767176549882,35.05275435972754,37.00852342044884,36.899776318646204,37.39967723259309,38.315727004381586,38.6559580741723,38.34575836525675,37.87570228199326,35.14490027446252,37.20139563874028,37.3017488819132,37.76583599904001,38.652414000528644,39.011484619688254,38.588993735326426,38.09300995540674,35.75746542423923,37.712861424576985,38.01858440889002,38.61212347910606,39.47370643489735,39.77905635882685,39.30023335655011,38.76283987405721,38.295208683286745,37.78710044090193,38.45450546705938,39.610619595657425,40.23139207387207,39.83370970501581,39.04039679941279,38.55373952908167,38.24353982016612,39.056811456288656,40.403559440876904,41.21552536565706,40.314584539402034,39.49553046733459,38.35508487484531,38.26163324876793,39.05699798648043,40.36494769118026,41.02302620774915,40.1455881856573,39.34873120641063,36.85855314626477,38.180865675730985,38.393510094350184,39.27449219008568,40.34349671912658,40.608183061249946,40.08254098083863,39.2763574920034,34.599299463531686,35.43234329998198,35.475245244089365,2.541708659287542,2.685456100385636,2.692859125789255
2.6454797632060947,2.985922370571643,2.967511368263513,3.052903656940907,3.2102984144352376,3.2692973081953824,3.216510518360883,3.1363003474660216,2.661122677754611,3.0190428624860943,3.036166382115334,3.1162156176753344,3.268878876324743,3.3308711673133073,3.2584824536927046,3.173830467555672,2.7659237678162754,3.107718231994659,3.159635971020907,3.2612827285192907,3.4106950934045015,3.463095638435334,3.3819520425982774,3.2899292181245983,3.2081740680150688,3.120078065712005,3.23501808186993,3.433515723887831,3.540119289699942,3.473395499866456,3.33775919964537,3.2525278463028373,3.1987754444591703,3.338274192716926,3.5684117215685545,3.708779520634562,3.5552793982438744,3.415136908646673,3.2189889225177466,3.202637892495841,3.338370753917843,3.562553675379604,3.6771074467338623,3.5268904051743446,3.3899022481404244,2.9567930749617517,3.188314647693187,3.225651645381004,3.3760618093423544,3.559656839352101,3.605201539117843,3.515624931734055,3.378250529896468,35.20067280180212,37.173602640166365,37.06690737047323,37.56177196924229,38.47390460700358,38.81581444852024,38.509904934015424,38.04507169612153,35.29132647500293,37.36554220749896,37.46477626952125,37.92867685645629,38.81338955602721,39.17264670537859,38.75314030408511,38.26256589972678,35.898668779410045,37.87943288582869,38.18030608515567,38.769368430769205,39.635241580971226,39.93891273317479,39.468670119719526,38.93538030144559,38.46159361434668,37.951060479468836,38.61715979428388,39.76749148693703,40.385279482083334,39.99860239454158,39.212564166417636,38.718632218607425,38.40712679834948,39.215548649485974,40.54923952065023,41.36269768696455,40.473135202407576,39.66098274743566,38.52426775878181,38.42951042136203,39.21610824006129,40.51529102574787,41.179151978261665,40.30861557326536,39.51474307708702,37.00479281661341,38.34650448602383,38.56287950847846,39.43453509462539,40.498503308488466,40.762443529844745,40.24333000614543,39.447219147665834,34.72893794681269,35.56104913230413,35.60712208967162,2.56407867083326,2.7076651765964925,2.7156153821386395
2.6776024560444056,3.0222293821163477,3.004944927152246,3.0891784814186396,3.2453823174349963,3.304123714659363,3.2531715876422824,3.173605158086866,2.6923119456507267,3.055639557633549,3.0729561996646226,3.1526835645549,3.3035765345208348,3.3656975737772883,3.2946607169695197,3.210588098037988,2.796340546105057,3.1434458763338626,3.195492363628,3.2964631927199664,3.4440408947877588,3.496827684622258,3.4166818878613414,3.325528114195913,3.241938301268965,3.1547435368411243,3.2697157400660215,3.465992474462837,3.5717913636006413,3.5068700495176017,3.3729074767790737,3.2864530148915945,3.232378742378205,3.3720384259708225,3.6005022273398937,3.7391962989233436,3.588496451359242,3.4512507977895437,3.2525922204367816,3.237045867089182,3.3736477793194353,3.5955776060931384,3.708071405161172,3.560654638428241,3.4258552019484343,2.9884329617954792,3.223688234295696,3.2611539802514016,3.4115641442127527,3.593871691543609,3.6397382619790735,3.550966331269592,3.4149759733118117,35.3868299331898,37.384008696484315,37.283841983503166,37.77199149536846,38.67722251603422,39.01764011601671,38.722362822442854,38.261260188384384,35.47207423082925,37.57762703554285,37.677980278715765,38.14001556373309,39.01446910275659,39.37447237287506,38.96280023963596,38.475583378729524,36.07493981063385,38.086481398694744,38.38810071878882,38.97324593037516,39.82848685964622,40.13439637415103,39.66993619664068,39.14168269354457,38.6572637855147,38.15195349600644,38.81823934101327,39.95570045043419,40.568825190786214,40.19259379398365,39.41625513583182,38.9152350407343,38.60186431855864,39.411218820653986,40.73521012184615,41.53896871818836,40.66563436031548,39.870269622602976,38.71900527899097,38.628911196365465,39.42054533024255,40.706671002505146,41.35859402274558,40.504285744433375,39.72309730129548,37.18815199512453,38.55150116678041,38.768622310002115,39.64027789614906,40.69678490234128,40.962590425615275,40.44814015671023,39.66005009647681,34.89103268346189,35.71213858763882,35.76250173941705,2.59204923203215,2.7337367008440197,2.7424272089265287
2.70834110500291,3.0564764213748274,3.039417275879532,3.1236830172128975,3.2785349964164197,3.337630451377481,3.2859380218200385,3.2076268878765406,2.7218918601982294,3.0893072296865283,3.10559388557449,3.185546559933573,3.3363107816316186,3.3965649710036816,3.3270730934105814,3.2433545322157444,2.8249226615764202,3.1751179502345623,3.22645632205531,3.3281030795536934,3.4743289248086513,3.5264075991697608,3.4471952273510396,3.356813943292946,3.2720653959549963,3.1842590772546826,3.2991669063456355,3.494220532197505,3.599536615330726,3.5350015460513533,3.40168271465227,3.3157754329033198,3.260960857849568,3.4002021095715462,3.6270565575920046,3.765332197304815,3.6160807677544655,3.4790604236535727,3.2809168393723667,3.265338298957795,3.4004274190403523,3.621971001010388,3.734496987145394,3.58746646521613,3.4530210864730178,3.013506686966866,3.252624407503754,3.290315462928265,3.4397922019474207,3.6205547700636087,3.6662925922311844,3.5789690795354545,3.44420183012262,35.56496626633132,37.582476820528896,37.483615818890144,37.971951860947215,38.86934861355858,39.211818045650546,38.912250557665956,38.45842260108657,35.643495477067006,37.772737616135544,37.867121893171785,38.3304628895315,39.20417030778793,39.55335482678366,39.15063614274959,38.665471113952634,36.2405786209267,38.27002710739764,38.56754276327274,39.15660510888627,40.00401177010295,40.30581762038879,39.846766818439804,39.322990039946205,38.831856045012564,38.32300168186066,38.98891446648393,40.11928742861756,40.72961421609301,40.3556211815917,39.58301312727529,39.08516404543789,38.76750312885149,39.57443273845381,40.88909753005741,41.690431233906594,40.82549073466342,40.03143170829331,38.88315184774965,38.79287123493238,39.57573844979621,40.859625759757556,41.511735310189756,40.6596653941788,39.880528783150396,37.333459014514304,38.719191809182746,38.937618663746846,39.80386487433242,40.851418431319615,41.116477833826536,40.6104214235512,39.82941951060508,35.041002957645944,35.846813386097644,35.89419205480753,2.6179276338778434,2.756975763197988,2.765151278208941
2.733286081906408,3.0844469825737177,3.0675165853463113,3.152265132684261,3.3058296292088927,3.3646354005672037,3.3133614028804006,3.235404326673597,2.7476093267090618,3.1180180934257806,3.1344978717155754,3.214128675404936,3.3640560333617033,3.4247286546044053,3.3553977123461665,3.2724516407586632,2.850479192752391,3.2035069433040917,3.255295934062451,3.355751770082861,3.5013982481323183,3.553605670761317,3.4749726661480964,3.385170749295503,3.300068144220859,3.212390573788434,3.326686848606914,3.5210323589853942,3.625350643042475,3.5616524375043808,3.4304901395924388,3.3432953751645984,3.2895751603879035,3.4274967423640192,3.6534499525092543,3.7911784120835366,3.643246652279049,3.5072241072542965,3.310528940986842,3.2941135368309915,3.428494541440159,3.6483322088606656,3.7603110148571433,3.6147610980086027,3.4814422666095197,3.040028830152005,3.2818824513815343,3.3192838232032953,3.468309943284839,3.648010338190943,3.6932331672869623,3.6054268485866485,3.472944880928844,35.70952716495402,37.74457155717809,37.64645667630643,38.13759067124006,39.027526216180576,39.36831687654661,39.07117428105505,38.619398156585135,35.79253310029222,37.93912254719548,38.03462600538235,38.49610169982436,39.36495933309473,39.71656874458348,39.314782711508265,38.83409440731381,36.38868359319305,38.43454673653986,38.734673815099754,39.316834543617745,40.16088366138254,40.46343563243547,40.00774237393837,39.48732313889665,38.99413731185353,38.486029069468714,39.148397780448335,40.274667078362995,40.87921142989353,40.510068180378276,39.74995764891054,39.244647359402286,38.93332846933611,39.73261034107581,41.042052287309815,41.84021497789889,40.98292221651833,40.194645626093134,39.05475962417918,38.95962922637585,39.73839277702072,41.01239398681819,41.66133252399028,40.8178429968008,40.045234942484385,37.487159892533796,38.888747753502784,39.10549583634095,39.96913062424173,41.01052868490048,41.27260360433905,40.76374924118714,39.995990971856784,35.17922182974843,35.98036900340584,36.02550930981448,2.6417782505042853,2.7800217031501235,2.7878109733574092
2.763509737793356,3.1185008994303645,3.1011520703323185,3.185804056469351,3.342876943293959,3.3992043104954064,3.340720409806818,3.2636645714752377,2.777092680055648,3.1518467008136213,3.167779298964888,3.246991670783609,3.400137735437602,3.45833195252344,3.3824348486028613,3.300196892488748,2.8780956962145865,3.235887132678181,3.2870323820970953,3.3874882181175052,3.535902783926576,3.5859214860014617,3.500078578386456,3.4107594675384463,3.3461922111921014,3.255521243531257,3.3716199941001834,3.5760722435079515,3.6824504998512566,3.6036565599031745,3.470402102638036,3.390095370542258,3.3344761188142003,3.4757451557554306,3.7166975391097368,3.851818846259266,3.6813239525072277,3.546427954826504,3.3421688278205695,3.3242406315170228,3.460713795479387,3.687310746964067,3.7858997331000865,3.6337514675222335,3.505646940972656,3.06735565001145,3.311172682326287,3.348187809344381,3.4973748647607863,3.677493691537529,3.7186931372620164,3.619653532188386,3.493834287393838,35.8846790150272,37.941920500072044,37.84138072670736,38.33195513106568,39.242222466909254,39.5686503025089,39.22972494406059,38.78317166496028,35.96339475595465,38.13516577874704,38.22749822367379,38.68654902562278,39.57405967807027,39.91130626479264,39.471468072596096,38.99488343262061,36.548726497732765,38.622196109461704,38.918592584186186,39.50075331270418,40.360844026961296,40.65071194497378,40.15323592351993,39.63561464135478,39.2614350766617,38.73597952644215,39.40879392816096,40.59363370629178,41.21011599009569,40.75349008063972,39.98125508670685,39.51586225823765,39.19353808685697,40.01221909854088,41.40858411414027,42.19163785919588,41.203587433383696,40.42183939967049,39.238118802690295,39.134221485873724,39.925109498983716,41.23828204905314,41.809624026448404,40.927895809945824,40.18550564669634,37.64552402534757,39.058490228014605,39.272999948551515,40.13756738741114,41.18139034056291,41.420148986030085,40.84619558595003,40.117049066316305,35.395969912586594,36.20830889775028,36.165220423451125,2.6791796223260462,2.81935429899022,2.811919086519629
2.7927677816711367,3.154035421367735,3.1337575691752138,3.2194395414553583,3.3773492920212447,3.430103894788772,3.36643787631765,3.288770483713597,2.8059001049958168,3.187509971018881,3.2005135460756717,3.2808846523053945,3.4334191626869144,3.488491234276444,3.4068970195017756,3.325399365928024,2.906001883279532,3.2685891927219926,3.3184147723950446,3.418548737745732,3.566480497550219,3.6125401903875174,3.521000171918422,3.432035118807107,3.3921875298954545,3.2974931788630784,3.4143322319723666,3.623580354359001,3.7282526961527767,3.641669485997409,3.5043594582937656,3.4303292042575775,3.3712659363634883,3.513822455983609,3.7592166545800865,3.88883397327736,3.709262326639146,3.5738191488198936,3.374484643060714,3.354850532207638,3.491388070303947,3.717759712319821,3.8095894143916667,3.65267746290192,3.5262466638348995,3.09204313037917,3.340366352070123,3.3754502550698815,3.524379813950509,3.7019880495034156,3.739260673057288,3.6373564190231265,3.513468398246914,36.05423495934724,38.14784983178748,38.03033581097161,38.52687918146661,39.44199630229624,39.74771928660928,39.37876256728579,38.92866521454183,36.130339277589904,38.34184123122955,38.41719942870513,38.882965317557876,39.76693189636172,40.08608505448228,39.613231018342226,39.140936572777484,36.710448173998415,38.81171078430127,39.10045952116313,39.68075494776341,40.53804770914396,40.804972413568585,40.274480548171226,39.758911098115554,39.52798672070277,38.979214896511834,39.65631949264138,40.86895226934612,41.475548452986146,40.97378223712155,40.1780444390255,39.74902499795168,39.406742096051474,40.23288431540624,41.65499049747006,42.40614757973279,41.365495639841114,40.5805765928678,39.425395115228596,39.31161169824816,40.102872771741694,41.41473961046872,41.94691024759203,41.0375755627073,40.30488496942993,37.7885926824361,39.227673111951106,39.430991020981736,40.2940662183072,41.32333981650082,41.539341778571895,40.9487871914242,40.23083248329675,35.60805474063047,36.381595445905745,36.29989522190995,2.715776317473501,2.8492560842074455,2.8351581488735973
2.7914159248583017,3.150462656933814,3.1352381742559374,3.2016079063527285,3.29565851604566,3.324369379784912,3.320474744681269,3.273674749303609,2.800878922548145,3.1815875506959856,3.193239268939942,3.25413719965145,3.3420400795526803,3.367918481398374,3.357361123431474,3.3091448971070347,2.8729457654990256,3.234889333602041,3.2722263312898576,3.3403019779361784,3.4207052712328734,3.4513151719234885,3.4328397954814136,3.37828271696344,3.292150125745684,3.2141608624719082,3.3034477862529457,3.396275287400931,3.444974319729954,3.4561110449023547,3.3958568555302917,3.295529767777771,3.237271176557988,3.339368552993983,3.4288164121098816,3.466732777003199,3.48800842827186,3.4217352573759854,3.2773440749384464,3.2594802527688445,3.3623179317452014,3.456078857835382,3.482987245824188,3.476421084161848,3.415104721579701,2.9909113659523427,3.2532359617762268,3.2910879525355994,3.3786045876331627,3.4466480472125114,3.487944054137915,3.461840342823416,3.4108560287393628,36.04640069129285,38.12714498050087,38.038916199793086,38.42354145522535,38.968582675580876,39.1349676066408,39.112397453436486,38.841182554601126,36.10124056767359,38.30751967594365,38.37504360536483,38.727958728195986,39.237372681923205,39.387342956107275,39.326161053206306,39.04673882593301,36.51888166704937,38.6164136735168,38.832788695971416,39.22730005156756,39.69325247061208,39.870642682986514,39.763574352909835,39.4474056778576,38.948250884677805,38.49628823001613,39.0137229819895,39.551676055057726,39.83389623520759,39.89843568156043,39.549251162564694,38.967836554813786,38.63021690770787,39.2218906760062,39.74025807893843,39.959990644844936,40.08328710160572,39.69922143674876,38.86244699646305,38.758922740030016,39.35488670273908,39.89824915136866,40.05418839168941,40.01613623256807,39.660796217243885,37.20251481989091,38.7227358828264,38.94209538834936,39.44927097977532,39.84359580517969,40.08291404122217,39.93163805569571,39.636174231930084,35.09248529057481,35.60320495564442,35.74813891465067,2.6268112643621864,2.7149394537322222,2.739948804769665
2.754690481442958,3.089339416753501,3.0836744929663835,3.1253567446954547,3.171931430604309,3.2000629271380605,3.2178301881067455,3.2033460079692304,2.758939174283296,3.118694021832198,3.1243267585523427,3.1642065345309676,3.21004091789946,3.2359515068121256,3.253364710044116,3.234857146535069,2.806769155804068,3.1503660957328976,3.17408796409145,3.2122940125875177,3.2566477908752858,3.293920414429158,3.302610922511667,3.277183139603585,3.164431843999773,3.11244973083958,3.1732832874171435,3.2120687031187116,3.249470074940473,3.282300883252174,3.26797763844952,3.1808150610886514,3.1351738001219926,3.2045691165141763,3.23900927817449,3.2708422874100505,3.318833204265684,3.2982978555373847,3.1737982804886995,3.1597003451548518,3.230350957158953,3.267366084177047,3.291442010272294,3.319734442140907,3.2964953797869385,2.904328155796975,3.163401857856661,3.199547934066504,3.250628809351474,3.2846827262081204,3.325399365928024,3.325785610731691,3.3091127100400626,35.833569742481885,37.77292414632731,37.74009483257558,37.981651430919314,38.251560618412284,38.41458800602033,38.51755267187805,38.433614085581,35.858191727795685,37.94303968122267,37.975682464782636,38.20679337238719,38.47241236546941,38.62256916984525,38.72348200359348,38.61622714332503,36.13537559276773,38.12658538992556,38.26405814126095,38.4854694788934,38.74250808315415,38.958510045225225,39.00887319700345,38.86151434550419,38.208099083729586,37.906852824019055,38.25939488646667,38.484163767550996,38.70091185038916,38.89117264599581,38.808166710657616,38.30304295134114,38.03854313940954,38.440702232868304,38.64028953806351,38.82476789772525,39.102884413656156,38.983878151306115,38.26237936953501,38.180679145539216,38.590112916477054,38.80462263701396,38.944147220458845,39.10810725902574,38.973432460566926,36.700748604026316,38.20213011759291,38.41160352295199,38.70762693729293,38.90497588018688,39.140936572777484,39.14317493507874,39.04655229574124,34.5519207948218,35.08241266021916,35.26148164431954,2.533533144276589,2.6250731627456845,2.65597274703905
0.9927382483147085,0.5026579665951431,0.5024648441933095,0.5098034954629839,0.5072607171721757,0.513215324562043,0.5064882275648415,0.5095138118602336,0.9974053730256855,0.5018532899208367,0.5042995070107281,0.5090310058556498,0.5080010197125375,0.5151465485803783,0.5058444862253964,0.5195883638225496,0.9830499411560595,0.5067135370336473,0.509578185994178,0.51260377028957,0.5104150497354567,0.5099966178648174,0.5012417356483638,0.5101253661327064,0.49953582109883427,0.49580212133005264,0.49435370331630113,0.49882770562544465,0.49808740308508276,0.49947144696488976,0.4993105116300285,0.5019498511217535,0.51260377028957,0.5068744723685086,0.5130865762941539,0.5065847887657583,0.5050719966180622,0.5102219273336231,0.49750803587958214,0.500630181375891,0.5112519134767354,0.4997933176346123,0.49853802202269437,0.5044282552786171,0.5092563153244555,0.9869445762597024,0.5064882275648415,0.5026901536621153,0.509706934262067,0.5107691074721515,0.5060697956942022,0.5070675947703421,0.5052651190198958,25.622720514733235,22.782611814824556,22.781492633673928,22.824021517397767,22.809285632247843,22.843793717725518,22.80480890764533,22.82234274567183,25.649767392540063,22.777948560030275,22.79212485460489,22.81954479279526,22.813575826658578,22.85498552923179,22.80107830380991,22.88072669569622,25.566574927010095,22.80611461898773,22.82271580605537,22.840249644081865,22.82756559104142,22.825140698548395,22.774404486386622,22.825886819315482,22.764518386222747,22.742880883977286,22.73448702534758,22.76041472200378,22.75612452759304,22.764145325839205,22.76321267488035,22.77850815060559,22.840249644081865,22.807047269946587,22.843047596958435,22.805368498220645,22.796601579207397,22.826446409890792,22.75276698414116,22.77086041274297,22.832415376027473,22.766010627756916,22.75873595027784,22.792870975371972,22.820850504137656,25.589145080214415,22.80480890764533,22.782798345016328,22.823461926822453,22.829617423150907,22.802384015152306,22.808166451097215,22.797720760358025,25.34964031398016,25.540460700162125,25.47610778400105,0.9456163822673261,0.9785437517799437,0.9674392136745155
0.9831465023569763,0.49364558784291146,0.5088056963868439,0.5114128488115967,0.5099322437308729,0.5072929042391479,0.5131509504280984,0.5071641559712589,0.9679542067460716,0.5005979943089187,0.507679149042815,0.5027867148630321,0.5015957933850587,0.5033338950015604,0.5023039088584482,0.5020785993896425,0.9665379757992923,0.503655765671283,0.5126359573565423,0.509191941190511,0.5053294931538403,0.5087091351859272,0.49934269869700076,0.5085160127840936,0.5005658072419464,0.4974114746786654,0.5017245416529477,0.4971217910759151,0.4961883661337197,0.49628492733463647,0.49509400585666297,0.4979264677502215,0.5022717217914761,0.5034626432694495,0.4991495762951672,0.5015957933850587,0.4978299065493047,0.5016923545859754,0.5025935924611986,0.5024648441933095,0.5062629180960357,0.500887677911669,0.5036879527382553,0.5020785993896425,0.5026901536621153,0.9555299988947809,0.4999864400364459,0.5033660820685327,0.5061663568951189,0.5049432483501732,0.512088777218014,0.5049754354171455,0.5059732344932855,25.56713451758541,22.730383361128613,22.81823908145286,22.83334802698633,22.824767638164854,22.80947216243961,22.843420657341976,22.80872604167253,25.47909226706939,22.770673882551197,22.811710524740867,22.783357935591642,22.776456318496106,22.786528948851753,22.780559982715072,22.779254271372675,25.470884938631457,22.788394250769464,22.840436174273634,22.820477443754115,22.798093820741567,22.81767949087755,22.76339920507212,22.81656030972692,22.770487352359428,22.752207393565847,22.777202439263192,22.750528621839905,22.74511924627854,22.745678836853855,22.73877721975832,22.755191876634186,22.780373452523303,22.787275069618836,22.76228002392149,22.776456318496106,22.75463228605887,22.77701590907142,22.782238754441014,22.781492633673928,22.803503196302934,22.77235265427714,22.788580780961237,22.779254271372675,22.782798345016328,25.407091613045697,22.767129808907544,22.786715479043522,22.80294360572762,22.795855458440315,22.837265161013526,22.796041988632084,22.801824424576992,25.24910054061547,25.406345492278614,25.438055624879723,0.9282675531692803,0.9554012506268919,0.9608730520121753
0.9819233938120305,0.5087091351859272,0.5096747471950949,0.5148890520446002,0.5093850635923445,0.5135371952317656,0.5151787356473505,0.5111231652088464,0.9759044122882188,0.48704723911359904,0.4977655324153602,0.5014992321841418,0.5018532899208367,0.5035592044703663,0.5036235786043107,0.4933237171731889,0.9735225693322718,0.5050076224841178,0.5010486132465303,0.5038810751400888,0.5145349943079054,0.5006623684428633,0.5028189019300043,0.5031407725997269,0.492325918097049,0.49222935689613223,0.4986345832236111,0.49869895735755565,0.4955768118612468,0.49750803587958214,0.4940962067805231,0.4841182160191238,0.4977977194823325,0.5048145000822842,0.5029476501978933,0.5030763984657824,0.5036879527382553,0.5018532899208367,0.49853802202269437,0.4997933176346123,0.5060697956942022,0.5036879527382553,0.49885989269241693,0.500887677911669,0.5006623684428633,0.9746169296093286,0.49599524373188614,0.49969675643369554,0.5052651190198958,0.503398269135505,0.4932915301062167,0.500501433108002,0.5012739227153361,25.560046370298103,22.81767949087755,22.823275396630684,22.85349328769762,22.821596624904743,22.845659019643232,22.855172059423563,22.83166925526039,25.525165224436883,22.692144671815512,22.75425922567533,22.77589672792079,22.777948560030275,22.78783466019415,22.78820772057769,22.728518059210902,25.511361990245813,22.796228518823856,22.773285305235994,22.789699962111865,22.851441455588137,22.771046942934742,22.78354446578341,22.785409767701125,22.722735623265994,22.72217603269068,22.759295540853152,22.759668601236697,22.741575172634885,22.75276698414116,22.73299478381341,22.67517042436433,22.754445755867103,22.795109337673228,22.784290586550497,22.785036707317584,22.788580780961237,22.777948560030275,22.75873595027784,22.766010627756916,22.802384015152306,22.788580780961237,22.760601252195553,22.77235265427714,22.771046942934742,25.517704016766036,22.744000065127914,22.765451037181602,22.797720760358025,22.786902009235295,22.72833152901913,22.770114291975883,22.774591016578395,25.173555812948123,25.48058450860356,25.408024264004553,0.9152317910455168,0.9682117032818496,0.9556909342296421
0.951892860326916,0.4976689712144434,0.497733345348388,0.506423853430897,0.4976367841474712,0.5021107864566148,0.4990208280272782,0.5021429735235869,0.9497363268397748,0.4947077610529959,0.4942249550484121,0.4987311444245279,0.496349301468581,0.49889207975938915,0.5024326571263373,0.4967677333392203,0.9270766316913068,0.49647804973647,0.4931949689052999,0.504782313015312,0.4987955185584724,0.49808740308508276,0.5063594792969525,0.5078400843776762,0.48608162710443137,0.4863713107071817,0.49380652317777274,0.48662880724295976,0.48691849084571004,0.49113499661907556,0.490813125949353,0.4910062483511865,0.4901371975429356,0.49824833841994404,0.4897187656722963,0.4929696594364941,0.49113499661907556,0.4923902922309935,0.49055562941357495,0.5022717217914761,0.4956733730621636,0.49213279569521545,0.49721835227683187,0.49519056705757974,0.4962205532006919,0.8930870889686048,0.4877553545869887,0.48769098045304415,0.4986345832236111,0.49361340077593924,0.5000508141703903,0.49509400585666297,0.49583430839702486,25.38601370137555,22.753699635100016,22.754072695483558,22.80443584726179,22.753513104908244,22.779440801564444,22.761533903154408,22.779627331756217,25.373516178526877,22.736538857457063,22.733740904580493,22.759855131428466,22.746051897237397,22.76078778238732,22.78130610348216,22.74847678973042,25.242198923519936,22.74679801800448,22.727771938443816,22.794922807481456,22.760228191812008,22.75612452759304,22.804062786878248,22.812643175699723,22.686548766062376,22.688227537788315,22.73131601208747,22.689719779322488,22.691398551048426,22.715834006170457,22.713968704252746,22.715087885403374,22.71005157022555,22.757057178551896,22.707626677732524,22.72646622710142,22.715834006170457,22.723108683649535,22.712476462718577,22.780373452523303,22.7421347632102,22.721616442115366,22.75108821241522,22.739336810333633,22.74530577647031,25.04522304100952,22.69624833603448,22.695875275650938,22.759295540853152,22.73019683093684,22.767502869291086,22.73877721975832,22.743067414169055,25.09968985700672,25.143337921881184,25.15173178051089,0.9024857125245035,0.9100174861960113,0.9114659042097628
0.9258857102133333,0.4932271559722722,0.5054582414217293,0.4959630566649139,0.49708960400894286,0.5003083107061684,0.49679992040619253,0.49869895735755565,0.9226670035161078,0.49039469407871367,0.4934846525080502,0.49490088345482947,0.4962205532006919,0.4992783245630562,0.49663898507133125,0.4941283938474953,0.9143627402372658,0.49882770562544465,0.4839572806842625,0.50503980955109,0.49811959015205504,0.4902015716768801,0.48772316752001643,0.5008554908446967,0.4873047356493771,0.48363541001453997,0.49045906821265817,0.48994407514110205,0.48234792733564974,0.48888190193101766,0.4830238557420671,0.4885600312612951,0.48778754165396093,0.48904283726587894,0.4902337587438524,0.49300184650346635,0.49258341463282707,0.4916178026236594,0.4908453130163252,0.4896222044713795,0.4982161513529718,0.49287309823557734,0.4955446247942746,0.4930662206374109,0.4962205532006919,0.9209932760335505,0.4962205532006919,0.48791628992185,0.4872081744484603,0.49206842156127095,0.5009842391125858,0.49593086959794164,0.49805521601811054,25.2352973064244,22.727958468635588,22.798839941508653,22.74381353493614,22.750342091648136,22.76899511082526,22.748663319922194,22.759668601236697,25.216644287247277,22.711543811759718,22.729450710169758,22.73765803860769,22.74530577647031,22.763026144688578,22.747730668963335,22.733181314005183,25.1685194977703,22.76041472200378,22.674237773405473,22.79641504901563,22.756311057784814,22.710424630609094,22.696061805842707,22.772166124085366,22.693636913349682,22.672372471487762,22.711916872143263,22.70893238907492,22.66491126381691,22.70277689274647,22.66882839784411,22.70091159082876,22.69643486622625,22.70370954370533,22.710611160800863,22.726652757293188,22.724227864800163,22.718631959047027,22.714155234444515,22.70706708715721,22.756870648360128,22.725906636526105,22.741388642443116,22.727025817676733,22.74530577647031,25.206944717275174,22.74530577647031,22.697180986993335,22.693077322774368,22.721243381731824,22.772912244852453,22.74362700474437,22.755937997401272,24.975833809670625,25.07730623399417,25.167586846811446,0.8811135000549257,0.8986232644878328,0.9142018049024045
